gene,spearman_dpt
Gm42418,-0.16348127768204002
Hpgd,-0.1286186011236718
Ccr5,-0.1118928462926441
Csmd3,-0.09162645525804194
4933406I18Rik,-0.07728888104799887
Nav3,-0.06790389693782298
Jun,-0.061379683046126815
Tyrobp,-0.058516250180172515
Agmo,-0.05557814040835042
Arsb,-0.054032054013522644
Tmsb4x,-0.05360985264456419
Nav2,-0.050727792636930294
Glul,-0.050670329163290416
Rps9,-0.04878217464937549
Zfp36l1,-0.0459511963441725
Rpl13,-0.040468988440587085
Ctsd,-0.037847051669651
Sall3,-0.030964617911515918
P3h2,-0.029370816626054303
Fth1,-0.028791789837382144
Gm10062,-0.021760015769248898
Xirp2,-0.020967035206542438
A830008E24Rik,-0.020780651424887983
Hdac9,-0.020258657548344456
Rtn1,-0.020083491464560368
Tpt1,-0.015672975347829875
Fos,-0.015517231591238726
Fhit,-0.015078801490960993
B230216N24Rik,-0.01498537099595071
Cacnb2,-0.014619838342786141
Grik1,-0.013688341557402197
Gm35188,-0.013472491671962784
Gm29325,-0.013396301291671488
Egr1,-0.01247364134079915
Naa11,-0.011994737807295855
Epha6,-0.011239955606335408
Smoc1,-0.01080500833076159
Klf2,-0.010705819389810991
Gm48556,-0.01009631819711398
Zfp300,-0.008539563407845768
Dpyd,-0.00827679467598572
Lin28b,-0.008115608825052127
Rplp0,-0.008091056325616323
8030442B05Rik,-0.007910691395272193
Ptprg,-0.007286639753832397
Lama4,-0.00679720764090331
D130079A08Rik,-0.006772357602572737
Gm17268,-0.006594268494040968
Acox3,-0.006440181274230105
4930549P19Rik,-0.006421322924349334
Gm11437,-0.005851372392112533
Slc24a2,-0.005742175320124082
Sox4,-0.005425369364862523
Stox2,-0.005087042075891135
Ccl6,-0.0049534359621172626
Apod,-0.004801124121719789
Galnt18,-0.004566478331504191
Gm41071,-0.004413824630230821
Tex21,-0.004092592191676453
5830416I19Rik,-0.0033478425226659697
Reep6,-0.0031405128102603317
Calcrl,-0.0031348442585173377
Prss8,-0.002888725310582882
Dynlt1c,-0.002744956899162255
Dynlt1b,-0.002651869761387593
Gm46329,-0.002196929304353572
Ctcflos,-0.0020377070577660052
Kantr,-0.0018180103853469476
4933436I20Rik,-0.0008207918082769927
Xlr5a,-0.0007130924501349088
Zkscan2,-0.0005295453256250157
Nhs,-0.0003446424052435998
Pcsk4,-0.0002090571523278843
Wnk3,-0.00020809533131056464
Csmd2,-0.00016267394702705598
Stxbp5l,0.00031544651137625876
Doc2b,0.0006274568335871963
Mgl2,0.0008722038269270193
4933406M09Rik,0.0010020396692989556
Plp1,0.0010568112335146774
Fstl4,0.0012139364438859554
Lypd1,0.0012156774018159087
Tigd5,0.0013827499597237735
Slc35f2,0.002175135025249604
Gm17114,0.0022680215302471
Mb21d2,0.00241745002394029
Gm10800,0.0024361796201080935
Olfr1369-ps1,0.002495397039778608
Kcnd2,0.002600985695379113
A230057D06Rik,0.00264688976255874
Ptger3,0.003468079937651272
4930590L20Rik,0.003733790858308743
Gm4013,0.003815328951033581
Pzp,0.004382893409205469
Vmn2r111,0.004397441015777675
Xpnpep2,0.004805105755794129
Gm16083,0.004831208951853912
Mpdz,0.0049430320087363675
Lrp1b,0.005002138954820678
Slc44a4,0.00511545659857957
Asb2,0.005208689196547634
A230004M16Rik,0.00536262989221974
Gm16170,0.005471437084270157
Arhgap15os,0.005525461810041561
Nuak1,0.0055338863214595075
Cr2,0.005593115788625933
AA386476,0.00568710325149043
9130015L21Rik,0.005732315362903662
Klhl14,0.005747138647810399
Cdh12,0.005764598761560745
Astn2,0.005830354154999521
Sfta2,0.005856845827344295
Atp1b2,0.005955575979189635
4930441J16Rik,0.00608531798998175
Pdgfrb,0.006197465132402033
Tcim,0.00638835371566629
Pkia,0.006579528990985165
Gm49497,0.006709430106186992
Hormad2,0.006893398524187149
Lrrc4c,0.007007204770470081
Gucy2f,0.007152496982704799
Gm47431,0.007223090096394222
Zfpm2,0.007457408824250702
Fam169a,0.007538730452039759
Otx2os1,0.0076194664587788145
Rpusd2,0.007661130066060076
Gm7568,0.0077273208524624905
Rapgef4,0.00790293800444822
Ftl1,0.007904057049847073
Prkn,0.008024605129753384
Gm19951,0.008065202254615917
2810407A14Rik,0.008157631774058467
Cxcl17,0.008283886286781835
Sp9,0.008593894190403613
Limch1,0.00862893262432836
4632411P08Rik,0.008685648273177951
Gm42670,0.008846772412147347
Gm11638,0.008935949336195306
Ranbp3l,0.008959465682494883
Asb15,0.009082433380265263
Gm34921,0.009106425059912536
Ptprm,0.009312733028121594
Galnt13,0.00952583407538544
Acp4,0.009545348833035304
Mc1r,0.009547677560678444
Peg10,0.009553443303543893
Ssbp2,0.009561567227158296
Myt1,0.009659465554966218
Lamb1,0.009680830296908948
Gm15932,0.00991906332126037
Gm28376,0.010162627537415926
Ppp4r4,0.010217823575891337
C430049B03Rik,0.0103831068497914
Abca6,0.01040736125906056
Rhbdl3,0.01062520231279739
Adamts16,0.010692654173729981
Sez6,0.01080345195863373
C5ar1,0.010902813550798062
Cfap206,0.010952066125691174
Lyve1,0.011119454818037382
Gm26838,0.011180742411803111
Nckap5,0.011188688448882001
Gm26594,0.0112303594913383
Celf4,0.011492007787344567
Alpl,0.011516794414339003
Cntnap2,0.011568022239329475
Gm41335,0.011668930854661988
Nr6a1os,0.011793657546082623
Ncam1,0.011855231547300702
AI847159,0.011855241517377579
Tmeff2,0.011867941748897742
Grid2,0.012160410623004424
Abhd12b,0.012174051501277866
Alox5,0.012272696038929823
Gm32884,0.012461227426785846
Gm13856,0.012494276174819505
Gm44199,0.012571690254973681
1700054A03Rik,0.012627465421696857
Apba1,0.012646394959160739
Kctd16,0.012658602668396473
Cfap299,0.012878894482902652
Nrxn3,0.012883237552863105
Aff2,0.012904092330384778
Cplx4,0.013083755640511903
Ghr,0.013332891499845609
Gm16146,0.01342069017543165
Spata46,0.013554463630159549
Gm37864,0.013637047170518904
Chrm3,0.013642529029078424
Slc25a21,0.013703681931751963
Iqank1,0.013821341798679578
Htr2c,0.014295509816857899
Zfp248,0.014306470339638402
Smug1,0.014432071780096353
Ccdc24,0.01443588566199165
Gm13266,0.014647213849451415
Otud1,0.01486814708162134
Tex11,0.014871383307568592
Zfp101,0.01492905740844371
Prss36,0.014930533333779401
Gm26611,0.015040847570134483
Gm15558,0.015196960659102787
Ms4a1,0.01524830553042367
Tmem108,0.015273197383438282
Gm13201,0.01527990148625134
Gm15577,0.015313994556641099
Kcnb1,0.01531787299703531
Usp46os2,0.015336484148602336
Ctsb,0.015425787038151482
Gm26862,0.015500859296788608
Hapln1,0.01552957574025412
Gm49767,0.015646156391264966
Gm19395,0.015718374030578172
Zfp976,0.015809287233570425
Gm48984,0.015811873821880824
1700111N16Rik,0.01582361543579377
4930417O13Rik,0.015831534344155813
Gm49016,0.015857368440712012
Gria1,0.016001865013848943
Nr3c2,0.016091901972186243
Gm50254,0.01618722842507733
Nrg3,0.01618943327235341
Hemgn,0.016244893491966124
Gm16193,0.016532724564243463
Cd163,0.01654650271572131
Gm29266,0.016731182396590084
Neurod1,0.016736800456448646
Vldlr,0.016892296892313013
Aldh1l2,0.016960172822709126
Ncmap,0.016981579638173
Map2k6,0.0169873801073298
Gm44850,0.017002112342924168
Pacs1,0.017037881143288063
Nell1,0.01723405885413152
Fhitos,0.017273756384884393
A430010J10Rik,0.01730757169250481
Zfp955a,0.01731740981615076
Gm41804,0.017437264472546128
Gm12861,0.01755293724850394
Gm10401,0.017614258877253357
Pde6a,0.017701664814852486
Prrg4,0.017765294348948198
Gm10113,0.017794176814694446
Chil5,0.017915765295772112
Bcl2l14,0.0180655493456095
Tet1,0.018102552490649966
Aifm3,0.018126650870442032
Gm5134,0.018192335139590846
Snap91,0.018326211991892046
E230014E18Rik,0.018350201114277875
Ralyl,0.01836285400231317
Gm9828,0.01836791605871499
Fbxl7,0.01845831681386878
Spats1,0.018509314359625655
Pkp2,0.01871337171382316
Dlec1,0.01873789436898089
Klhl13,0.01875810664561495
Klf12,0.018798913435910686
Pard3,0.018982047529724197
Cacng8,0.018982363851864643
1700013F07Rik,0.01900867322926182
Rims3,0.019042552940491904
Chml,0.019070462350799313
Olfr457,0.019173072137253076
Stkld1,0.019264909986852662
5330417C22Rik,0.019352201770626368
Hrh4,0.019369044637217822
Gm37756,0.019406837771007955
Gm31508,0.0194218389486929
Gm45584,0.019443661899876636
Gm29018,0.0194455220182165
Loxl2,0.01946355565171107
Pdc,0.019490723276896042
Tafa1,0.019572238623603518
Rorb,0.01966194032957065
Rfx4,0.019687656626776663
Gm37362,0.019690968665829443
Impg2,0.019747949673306214
Fam189a2,0.019796469602884836
Wnt5b,0.019883051081124207
Slc2a12,0.019909715572812445
Prkca,0.019993762593837124
Gm43464,0.020015256833566853
Gm45345,0.020017074935492037
Gm48877,0.020068839916137185
4930432K21Rik,0.020164435273114442
9530052E02Rik,0.020168281837943867
Tchh,0.020168880837226417
Lrrc19,0.020273437774039667
Ptprh,0.020381018575988955
Gm26692,0.02048936155614182
Gngt1,0.02054529395163599
Hist1h2ac,0.020595074478078554
Gm47271,0.0206566919745283
Acsl6,0.020676456742900886
Gm15261,0.02068544680286369
Phactr1,0.02068590383405313
Zfp202,0.020692117617324625
Dlc1,0.020701455553711737
Tas1r1,0.02073555450307373
Gm29114,0.02073839866143476
6030443J06Rik,0.020760003219612248
Rgs7bp,0.020846109760398232
Sgk1,0.020869238501829656
Gm19719,0.020872757748806245
Gm765,0.02087632146121986
Runx1t1,0.020962276080133953
Gm12865,0.02110282717873797
Adamtsl5,0.021149442180147433
Robo2,0.02128026735355286
Gucy1a2,0.02142263263543548
Ifitm10,0.02144648958746384
Plxna4,0.02145127508691506
Gm47392,0.021519496639255935
Il1a,0.02161212020166359
Gm34882,0.021706923945005407
Atp8b5,0.021731081989170883
Tmtc1,0.021741824295023016
Ppef2,0.021743989762248606
Gm16189,0.021858711738958828
Tgfb2,0.021862586117214828
Hyal4,0.021874439937434903
Gm15991,0.02197396968931582
Phf21b,0.022063230850452777
Ajm1,0.02210527360623034
Dpp6,0.022173650817566542
Bmp6,0.02219606905963787
Gm26636,0.02229499863984276
Mmp28,0.022357892593008306
Nrarp,0.02242741462507008
Gm13610,0.02244646954404166
Mgarp,0.02249176216994338
Lrrc69,0.022561747361685237
Gm15591,0.022583517070874817
Rbms3,0.022599106352287242
Pcdh17,0.022599659698352682
Gm4258,0.02262579777914935
Negr1,0.022671988820599107
Tnfsf8,0.022681157314730197
Hdc,0.0230537305972179
Col25a1,0.023131333927202142
Gm42982,0.023174142854792395
Vtn,0.023199181858181123
Cbfa2t3,0.023210840291179195
Stab2,0.023248823088589034
Fam151a,0.023281352914164968
Ccr4,0.023387395168878358
1700012D14Rik,0.02340224396517737
Usp46os1,0.023510366919040546
Proz,0.023524774406174443
Pld5,0.023647296679657353
Olfr99,0.02366866260127144
Gm17354,0.02379537305654413
Gnaz,0.023857287373869034
Ackr4,0.02387017868273773
Btla,0.023877001356727417
Gm19519,0.02388757470866117
Dmtn,0.023896892171167573
Prickle1,0.023979085098182088
Gm13748,0.024015497236215332
2610203C22Rik,0.0240481926842107
Stpg2,0.02412324663587461
Kcnd3,0.02431225840408244
Ntm,0.02457258442617898
4930488N15Rik,0.024586631111881852
Rxfp1,0.024628074514042763
Efcab7,0.02464164414528217
Pcdhga10,0.02470575854608685
Lrrc36,0.02473431132531191
Gm31374,0.024748641910957717
Mccc2,0.024829118050645263
Lgr4,0.024980159861372316
Rtbdn,0.024989776384598032
Igfbp7,0.025002697601179447
Klhl10,0.02506810345972402
Pln,0.025070841537437997
Tshr,0.0251672333984749
Adcy8,0.025221217984725597
Gm46348,0.025223849574836393
Dcun1d4,0.025246102799757895
Gm14051,0.025319819263868115
E230032D23Rik,0.025440487627795157
Pih1d2,0.02544480063625212
2210409D07Rik,0.02552108487930389
Spdya,0.02555572945982643
Gm14164,0.025595225585404877
Smim18,0.02560819747998259
Gm14211,0.025621048324540457
Pard3b,0.02570684797269733
Exoc3l2,0.025766195110121643
Klhl29,0.025814149439763304
Rtkn,0.025918777926527477
4930445E18Rik,0.02607078533959449
Gm30382,0.026267745859319673
Slc16a2,0.026383742468399973
Cnga1,0.026539711674619406
Sv2b,0.026611734187608642
Sgip1,0.026683914600853013
Ttc23l,0.026731106266759883
1700011L22Rik,0.026894089774902635
Ccdc192,0.026929507333628082
6430562O15Rik,0.02696008843836319
1700047A11Rik,0.02697580556405276
Frmpd4,0.02701337283701126
Erc2,0.027119517980041537
Aqp4,0.027155945359461694
Gm32401,0.027158657202523764
Col4a4,0.02725930660811167
Cnrip1,0.027264168113474024
Zfp780b,0.02745618153815485
D7Ertd443e,0.027555789759948792
Abca4,0.027579317581550522
Lhfpl3,0.0275812594801278
Rs1,0.02763929401942714
Gm45509,0.027691823431114797
Gm44734,0.02774990878567652
Chmp4c,0.027752311960952847
2010001A14Rik,0.027901407303060895
Osbp2,0.02791412910299523
Tac4,0.02797239315285961
Srrm3,0.027997791979297172
Gm49475,0.028023206951861876
Errfi1,0.02807867421056277
Spef2,0.028114807037865053
Gm4107,0.02812841692111011
Cmya5,0.02813166235517888
Gm47471,0.028269265648135016
Hist1h2bc,0.028285051482012855
Gm43569,0.02843783167935392
Gm16178,0.028603896545377733
Tubb4a,0.028650417408285375
Spock2,0.028759770315430453
Kirrel3,0.028936698642223466
Gm17216,0.028937522985243058
Gm16572,0.02895049628570166
Gm13209,0.028953428973736473
Cspg5,0.029005347183242648
Gm16068,0.029005562593895595
Gm12743,0.029011000030100056
Edil3,0.029053021925824044
Dip2c,0.029057151229303288
Cacnb4,0.029098633075647907
Crx,0.029129227640631583
Xlr3b,0.029146040004498566
Ccdc34os,0.029178466318845766
Gm21798,0.029251743740549497
Bbs9,0.029339881631918915
Clcn2,0.029384062617191543
Khdrbs3,0.029387740992843796
Mylk,0.029482752774107283
Ctnnd2,0.02965139526053857
4930511M06Rik,0.02966456264559363
Lmtk3,0.029681748054860804
Grik2,0.029724285157800654
Shc4,0.029753497605072395
Gm46124,0.02993052768987695
Gm36816,0.029957914476885353
Pcdh15,0.030029581799055488
1810024B03Rik,0.03006292300752174
Gm34804,0.030084304814309674
Abcg3,0.030245836256306943
Amy1,0.030274717471991727
Platr31,0.03030236519524262
Gm14764,0.030341742110960863
Elavl4,0.030389710937030405
Gm34885,0.030406915665808356
Nrg4,0.030563503258047423
Arhgap31,0.030623480485336505
Gm26531,0.030675541546105266
Rcvrn,0.030691391400180703
Neo1,0.030760046387894778
St6galnac5,0.030769893939114504
Epcam,0.03080529788427247
Gnat1,0.03090647228533444
Gapdh,0.030933783704451438
Fat3,0.031019832880739055
Ier2,0.03109099957494044
Gm11831,0.031100162634323657
Kcnrg,0.031121003965003526
Fbxo47,0.031123920592267436
Gm13703,0.031124814504099572
Esrrg,0.031135691452100378
Ror1,0.031138530100491765
Caprin2,0.031191352862260092
Gm47368,0.03120035343182278
Ptgds,0.03125543775266171
Dnajc6,0.03125715169157882
Ccr1,0.03128126999141002
Elp4,0.03128760137825256
Adam22,0.031360911206485355
Enpp6,0.03156716266000347
Stpg1,0.03172455792640632
2610206C17Rik,0.031726266603177594
Gm46367,0.031760537362295005
Hspa1b,0.03178363594507204
Tspan18,0.03193605604903596
Gm45435,0.03196573141698534
Rom1,0.03201705625675424
A230072E10Rik,0.032083534139385965
Zfp329,0.032184033843189505
Pde10a,0.03221319534660967
Ica1,0.03230418036273166
C1ra,0.03233848628047102
Mrc2,0.03237656948319424
Gm16122,0.03244966678131324
Bnc2,0.0324596724905443
Ryr1,0.03255071372245558
Zswim5,0.03255776654722449
Gclc,0.03257928682019142
Gm20650,0.03258742564958568
Palm,0.03280786691295273
Ube2cbp,0.03290235572618981
Fbxo36,0.03291347966704365
Vipr2,0.03291797343951638
Zfyve9,0.032952811082743144
Grm3,0.03298360430754669
AY074887,0.033050541117503246
Rnf113a1,0.03325780854743851
Atp2b2,0.03333189007054705
Crppa,0.033344107529590744
Dmac2l,0.033410961644348196
Grin2d,0.033487054200534806
2810021J22Rik,0.03353620386284464
4932443L11Rik,0.03353878562910074
Rgs20,0.03358442120763915
Gm48689,0.03359571230880715
Rnf219,0.03363407337555183
Pdzph1,0.03365049998785088
Mblac2,0.03366007409502944
Clgn,0.0336679235496398
D830024N08Rik,0.03367117309983328
Npas1,0.03367392805614553
Cep112os1,0.03367427911881973
Frmd5,0.03371749878762083
Osbpl10,0.0337419732120316
Gm15700,0.03374774302297346
Spock1,0.033789565599192606
Gm15965,0.03385287475512457
Gm13479,0.03385938087845874
Gm26787,0.03394252945963081
Lyzl4,0.033946817598375485
Ldlr,0.034004246287870944
1700019D03Rik,0.03401021716180002
Gm40841,0.034012989818236174
Tm4sf20,0.0340459945562116
Gm13561,0.03412960615212378
Mis18a,0.034266427896118466
Dclk2,0.03430050632315264
Pde4d,0.034339539239109165
Slc24a3,0.03434543555651638
Sox5,0.03436207034686373
Opn3,0.034429815928567475
1500035N22Rik,0.03450522578890428
Ddo,0.03467801697619713
Syn1,0.03470389492392038
Stard6,0.034714820655937055
Nova1,0.03477037480126687
Exd1,0.03477417830641611
Pid1,0.03480469925699951
Plag1,0.0348364720117134
Lyz2,0.03483725065973457
Ccnd3,0.034924221855243694
A530088E08Rik,0.0350263902993079
Cecr2,0.03503145474477654
B4galnt2,0.03509631021615058
Pacrg,0.03515069528316317
Mtss1,0.035165675533607776
Phkb,0.03520195303495138
Zfp2,0.03522698389258727
Gm15567,0.03525691942146372
Necab2,0.0352929861637949
Mapk10,0.0353568742074373
Stxbp6,0.03557932345658473
Xrra1,0.03569109341376436
Rasgrf1,0.035912535096458975
Nrde2,0.03594211592858408
B430010I23Rik,0.03612188778941564
Gm42601,0.03612763124040953
Hspa5,0.03622353994179507
Abcc2,0.036248247955827054
Boll,0.036341938144922786
Tnfrsf23,0.03635196728663031
Gm26542,0.0365457507175151
Zfp942,0.036601698471999164
Gm42413,0.03660558812468893
Pls3,0.036647130671977196
Chst9,0.03666818663541789
Rps5,0.036786754855138985
Ube2e2,0.03684677979949763
Tent5a,0.03684793571361085
Zpbp,0.0369123190849264
Slc25a40,0.03692637071554277
Agbl5,0.03694127798330059
Gm48796,0.03694450643563222
4631405J19Rik,0.036966852871469606
Thrb,0.03704630329297402
1700034P13Rik,0.03714184008781852
Gm46224,0.03733128340205715
Atp8b1,0.037341230794539944
Invs,0.03739791909186554
Rgs9,0.03740037422640577
4933421D24Rik,0.037454661459681335
Gdf11,0.03748636031674086
Scaper,0.03749947897455084
Dpp10,0.03750476814643263
Gm11655,0.03751179712042939
Mthfd2l,0.03775022348098641
Slc35e3,0.03784243873522963
Gm13427,0.037873615376406225
Tonsl,0.03792311775579304
C78197,0.03802179797562773
A530072M11Rik,0.03805690180150415
Gm10550,0.03806259993986529
Upp2,0.03808350681880367
Batf2,0.03811660956870584
Gm10125,0.03811694055380065
Gm26879,0.0381227832191738
C530008M17Rik,0.03812904165382274
2810403D21Rik,0.03824567160931765
Dtd1,0.038246288322415195
Il1r2,0.03831334983549657
Cox16,0.0384264160335202
Gm48512,0.03843164901038825
Ccdc78,0.03844522922748803
Gm26586,0.03845164227748773
Fry,0.038469307745446074
Tead1,0.038470932642891725
Elovl6,0.03852018942337722
Nlrp1a,0.03855810467494047
Acot11,0.03857540123418954
Mpp4,0.03860877221223957
Ccl8,0.0386242417638696
Gm4524,0.03867581693619906
Nbea,0.038683654969319546
Fam184a,0.03868513062004442
Rsph10b,0.038700355498478084
F630206G17Rik,0.03884876181608475
Gm13571,0.03890402251795286
Mcc,0.038979612579883395
Sla2,0.03902664945994852
Macrod2,0.039054597664912205
Gm48250,0.0390678627301774
Plekha6,0.0390945817771056
Batf,0.0392349439716398
Egfem1,0.03933947407392174
1700028E10Rik,0.03938031209059931
Txnl4b,0.039430703049580226
Gm47507,0.039499975088460815
Gm5127,0.03952853428410159
Gm17029,0.03953857572752539
Patj,0.03958986218839217
Zfp626,0.03966896906280365
Hyal5,0.03975563835690801
Eps8,0.03979392466827326
4931403E22Rik,0.03982469877047496
4930520O04Rik,0.04002271839409803
Xkr4,0.04008627120308958
Fsd1l,0.040135962184197134
Pdgfb,0.04015261177434924
Gm43376,0.04021011717212991
Galm,0.04021855054119043
Mmp19,0.040241364179543375
Pwwp3a,0.04026386371126429
Maml2,0.04027726712178352
Trmt10b,0.040398160646537555
Gm17058,0.04040638672255064
Pfas,0.04043211034440298
Auts2,0.04044980591746053
Hspb1,0.04052835490466786
A730085K08Rik,0.04052876904894685
Lrp2bp,0.04053210373940847
Cdr2,0.040607091227890905
Garem1,0.040614047898523395
Gm50232,0.040623356987226106
Gm38155,0.040647801044126144
Il12b,0.04071783779428441
Arhgap15,0.040736126982240675
Pde1c,0.04078186285233356
Il17rb,0.04080532347379703
Gm11290,0.04083613232598016
Pde6g,0.04094887681055656
Hspa12a,0.04102856035996351
Gm33843,0.04111115058784522
Rpsa,0.04117344858231015
5830444B04Rik,0.04129249579817802
Srl,0.041340335863716174
Snx7,0.041378719191626785
Gm26533,0.04140756186667006
Grm8,0.04151747559367882
Man1a,0.04157964847852679
Pstpip2,0.04158210196642193
Cfap45,0.04164032679157092
Gm49961,0.04167123511496214
Prrg1,0.04169129849712567
Kctd4,0.041827390192949974
Bnipl,0.041891991912182666
Gm45820,0.04192211476926569
Stard13,0.0419254692722535
Grk4,0.04198576125833985
Gm45615,0.04200228207309905
Gm34868,0.04202682286843866
Cpeb1,0.04205721370778303
Sdhaf3,0.04210853007153429
Gm44196,0.04214463403660583
Gm12367,0.042159543499199266
Gm10130,0.04225641144369617
Nrap,0.04226484783705877
Gm40117,0.04234491229247615
Plekhg1,0.042355090400994895
Rims2,0.04242625285518527
Unc119,0.04250652246422241
3200001D21Rik,0.042553333791716566
Rho,0.04258210217975136
Gm35154,0.04266579499779531
Setbp1,0.04274871937841778
Gm8251,0.042793238197575835
Dlgap1,0.04282059860924874
Arhgap6,0.042820982143463464
Gm20456,0.042877834587254485
Tiam2,0.04289374529745412
Gm43821,0.042935134959976085
Kcnip1,0.042947430252156846
Gm7854,0.042947686751038376
Sycp2,0.04295401311117568
Fam227b,0.04295675113849685
1110019D14Rik,0.04307404087626019
Myh7b,0.04307520149799251
Gm17344,0.04316299551216814
Ccdc152,0.04326197252985906
Cngb3,0.04329266168871332
Gm553,0.04332370942472429
Nfkbia,0.04335434637617172
Fam184b,0.043377602564232606
C030034L19Rik,0.04340761023082969
Gm19522,0.04342939073600883
2610027K06Rik,0.043541517512493425
Prxl2c,0.0435478989532199
Adgrl2,0.04384143592134725
Gm31224,0.04386765208925975
Plpp3,0.04393322960559172
Dipk1a,0.044102308529233955
Tfdp2,0.0442025829521066
A330009N23Rik,0.044210081680796307
Dip2a,0.044216474914520944
Plekha7,0.044236211634566175
Matn2,0.04427704548193705
Gm15265,0.04432104700675658
Dnah8,0.04437967743962011
Ctnnal1,0.04439111747043956
Fhod3,0.04448668955241377
Gm26979,0.044502096212729374
Ppm1l,0.044505551915770034
Gm5089,0.044542484031208786
Mipol1,0.04456497928343343
Acsl3,0.04474997914914318
Gm48065,0.04480192551370557
Capn2,0.044806422278990295
Gm49226,0.044859905756282285
Pcbp3,0.044894046287055754
Neurl1a,0.044929033519418245
Ptpro,0.04494374608371275
Phactr2,0.04494968774624006
Pdzk1,0.04496144196607744
Bcl9,0.04500258917408411
Chchd6,0.04501749175792098
Tulp3,0.04504314300271148
Flt3,0.045171867725216065
Gm17036,0.04519683166104592
Chst8,0.04519848225409702
Gnb4,0.04521531234316326
Epo,0.045289260303670024
Wdr95,0.045340025980289286
Zfp827,0.04537067190770278
Tmem156,0.04540558069984178
Gm12000,0.04556528702650537
Myo15,0.045600244730368104
Thap8,0.04561947317414856
Olfm2,0.04574660986998524
Stxbp1,0.04581748934415478
Rps8,0.045850205988946804
Rsph9,0.045891749130827074
Gadd45g,0.04592775277934463
Gm15559,0.04593568599984265
Tmx4,0.04606467714235489
Gm6583,0.046092574849827095
Gm16183,0.046095734211362656
Pde6b,0.0461449025424151
Myo6,0.04632238711476393
Gm42477,0.046341146418113786
Dtnbos,0.04643513377606538
Styx,0.04643971895117245
2310067P03Rik,0.046527677847227514
Grtp1,0.04654637300777181
Gm26714,0.04659071064223223
Glis3,0.04662213563694335
6030442K20Rik,0.04668417363801059
Bcor,0.04670145763657219
3110021N24Rik,0.04682147970900149
Efna5,0.047035225758532626
Hdac8,0.04717057866933811
Gm26648,0.047193649736143754
Gm15774,0.04730187915842413
Amn1,0.04731546415720894
Adgrv1,0.04734147433450443
Gm17090,0.047401713833008854
Slc18a1,0.04743434690690025
Angptl3,0.047438821159452485
Kcnab1,0.047512958397211036
4933433G19Rik,0.04766595348723632
Trim43c,0.04766860780473505
Tulp1,0.047728685609028314
Gm26672,0.047755498407098404
Cacna1e,0.04789275257823072
Tarsl2,0.04791273699081158
Psd,0.04793283202115909
Kctd1,0.04807589647396585
Gm15952,0.04810973931580547
Fhad1,0.04814797019288307
Gm26873,0.048161627687536054
1110046J04Rik,0.04819875503943953
Bank1,0.04826929346025568
Nabp1,0.048294403925529764
4833422C13Rik,0.04834547898739704
Gm47123,0.048425618274525975
Gm37165,0.04845550674104877
Rbfox2,0.04849769559647958
Gm37768,0.048535886276843195
Oxr1,0.04854204656848262
Akap17b,0.048576780185805364
Rbfox1,0.04863214774143174
Ptk7,0.048708156251638615
Kitl,0.048753139270277225
Frmd6,0.04878732816462723
Gm31243,0.048955691286903524
Gfod2,0.049008444034441365
Kcnq1ot1,0.04911048582175537
Adgrg6,0.04912350500541538
Scap,0.04921787166075352
Arl6,0.049250125216414635
1700085D07Rik,0.0492860939635515
Uggt2,0.049415185097103506
Uba6,0.04942327570150535
Pard3bos3,0.04946401033789438
Ascl4,0.04947781886953321
Ush2a,0.04955099001421915
Gm49625,0.04956301841379356
Rnaseh2a,0.04966738564965339
Samd4,0.0497648444454407
Rhd,0.0497861146289649
Gm16239,0.04980064768110873
Camkmt,0.04980389270510204
Hs3st3b1,0.04980981348853412
Gpm6b,0.04984788959802718
E130308A19Rik,0.050042438288220734
Sult2b1,0.05006237528397997
Slc1a3,0.05010258002362021
Ercc6l2,0.05014866997805487
Tuft1,0.05021628931630852
Pip5k1b,0.05021974446496694
Adcy9,0.05030221361217644
Calml4,0.05033738729420558
Pkd1l3,0.05039202779534392
Alas2,0.050430189952353585
Gm15787,0.050434288092068666
4933425L06Rik,0.05044704970871423
Tmem260,0.050505252377649745
Gm14011,0.05050860412319212
Gm46440,0.05066112087950534
Gm47371,0.050876187097076565
Gm16759,0.05095330138823012
Ccl22,0.050971417263542505
Zc3h12b,0.0509930617817776
Tlr8,0.05100326335413454
Sorbs1,0.05109913267880718
Tbc1d12,0.051190175252609486
Tent5d,0.05119741179549349
9430041J12Rik,0.051295491415872536
Rnf17,0.0513418759576638
Stag3,0.05138946439315552
F630040K05Rik,0.051456369868511015
Itgb8,0.05156052119647092
Golim4,0.05158681120168501
Lrrn3,0.051649939355554994
Ro60,0.051677145531430255
Cdyl2,0.0516867370361288
Exd2,0.05171829484140962
Igf2bp3,0.051721635330885085
Gm14636,0.05175585036084972
Cdkl3,0.05183504801900892
Cables1,0.05187242120591784
Serpini1,0.05194877636960409
Tafa2,0.05203943364177932
Wdr25,0.05209437351626628
Ttc12,0.05210566141502761
Angptl2,0.052163567309052375
Arnt2,0.052207975158386495
Pacsin1,0.052275308949537115
Cog7,0.052404735119177
Lrrc18,0.052437788849961454
Syt1,0.052550503337675455
Dcaf10,0.05272304095508579
Arhgap24,0.052748668776659326
Rnd3,0.052807182982387256
Eml6,0.052930110552919
Irf1,0.05295493234463437
Gm10701,0.05296948894951199
Prss12,0.052972772886591996
Macrod1,0.05301357619697772
Gm35715,0.05304939422486765
Taf13,0.053062318437016046
Btbd8,0.053082467839019654
Gm49208,0.053137714221267514
Klf4,0.05324238378261012
4930517O19Rik,0.05330424601312566
Iqch,0.05332647115436791
Sugct,0.05333705387067981
Atg4a,0.053346072725783296
Cryba1,0.053427696283302586
Cmah,0.053479284064351054
Gm28403,0.053510638962203885
5730522E02Rik,0.05353361436450507
Gm15246,0.053553427527729756
Epb41l5,0.053560526059563254
Fam78b,0.053652595917959595
Cd63,0.05366231653674062
Sh3rf1,0.05366671718798393
Plekhg3,0.053675397754550186
Gm20069,0.05368243284406906
1700126G02Rik,0.053725312206141476
Rab9,0.05373211881723146
Btbd11,0.05379264576170798
Gm41609,0.05386586320782195
Col23a1,0.0539453228252167
Srgap3,0.053946861774139876
Nxn,0.05404258445263224
Gm26632,0.05428149372965115
1810034E14Rik,0.054401496108024416
Lrrk2,0.05445648823252764
Gk5,0.05445716678569024
Akap14,0.05446376998326038
Cxcl9,0.0544768796333863
Fau,0.05448339394119809
Slbp,0.054522967828538466
Proca1,0.054589053426735416
Zfp934,0.0546341300744416
Gm48383,0.054643099645601795
Mast1,0.05466876449129125
Nr6a1,0.0547477945734521
Stap1,0.05477992680127426
Lrrc28,0.05481093766559607
AW554918,0.05490299561114532
Mfsd6,0.0549058383748622
Mok,0.05510903985348206
Kcnma1,0.05515928960800499
Ccr2,0.05523255679953078
Gm41361,0.05525196409653261
Gnmt,0.055377408322785995
Gm20470,0.05547253325363122
Prph2,0.05557131825437483
Il1b,0.055677732678583974
Abhd18,0.05581858666064006
Pif1,0.05582803767083279
Ablim1,0.05600348313629901
Ccdc88c,0.05606322247003253
Stau2,0.05607800168151085
Ppm1e,0.05608340947218334
Igkc,0.05616493771646074
Ccdc171,0.05620588301260626
Mettl21c,0.056392736142800916
AY512915,0.05640693467419332
Cd244a,0.056464849707083244
Wdr35,0.05654124619590074
E130307A14Rik,0.056551171545025515
Vegfa,0.05656466937794286
Fut8,0.05664520708678518
Snx12,0.056752682453935
Fam120c,0.056846935139372355
St8sia4,0.05686345841743737
Cenps,0.05697995816381393
Ammecr1,0.0569991663907497
Nhej1,0.05713056689762278
Rasal2,0.05715604651011314
Gm48708,0.05715860247485468
Anxa1,0.05718025988598342
Dph6,0.057479375912111295
D630008O14Rik,0.05747981444541578
Gm31323,0.05754407277528182
Gm11508,0.05772797927878028
Sept1,0.057784596073288404
Ust,0.05778803221612732
Wars2,0.05782132942449884
Gm34086,0.0578780598030957
St8sia6,0.05789348674874943
Dgki,0.05791208368898793
Pdgfc,0.05793341838099672
Trmt61b,0.058009759150641126
A430090L17Rik,0.058075002154416334
Wbp1,0.058076350459599496
D130040H23Rik,0.05809956425216148
Hsph1,0.05811404288889702
BC048559,0.058193381874786315
4930533B01Rik,0.0582250268461003
Gdf3,0.058225104044392385
Hdac7,0.05824587636030946
Fam20a,0.0582485235637146
Atxn7l1os2,0.05826432131223628
H2afz,0.058339636342935104
Kif9,0.05838141840773101
Peli1,0.058568824917061
Pf4,0.058571740016520726
L3mbtl3,0.058615751519666706
4930565N06Rik,0.0586191211616321
Larp1b,0.058633493397862634
Mettl15,0.058638896599363784
Fam185a,0.05882024946135254
Gpr137c,0.05882125779167693
Acyp2,0.058826135523177725
Gm16055,0.05889559638680557
Zfp64,0.05889942474427496
Arhgap28,0.05892055173983773
Prorp,0.059008137450656056
Slc22a15,0.05901385983206583
Rnf150,0.05910975100697357
Met,0.05917132642253571
Slc9a7,0.059253985062403355
Rp1,0.05932977512875528
2210408F21Rik,0.05951773274620014
Shld2,0.05958506986888449
Gm13563,0.0595871506535839
Ube4bos1,0.05960115075830746
2010009K17Rik,0.05961502034939053
Gpr82,0.05967687095694151
AA467197,0.05979810411836795
Gm16036,0.05984612011301065
Zfp318,0.05993610233907022
Klhl12,0.05994356476050154
Cxcl13,0.05995439196622909
2610204G07Rik,0.05996897537874085
Gm50368,0.060118745731503914
Slc2a3,0.0601271975337607
Srxn1,0.06013832753896828
Mlf1,0.06015009571107006
Cpeb3,0.06032015651271837
Haus5,0.06037210779887662
Gm15489,0.06043746140320316
F13a1,0.06046146051294697
Eml2,0.06048393894447506
Slc22a23,0.06051732151970956
Gm34408,0.060525920599417644
Kcnq3,0.06056921282857854
Crtc3,0.06058376140109068
Gm16549,0.06060261979167602
Gm10847,0.06060448966463942
Kcnip4,0.0606987233856088
Atp11c,0.06073089502028547
Tmigd3,0.06082283297260655
Dusp1,0.06082320136747499
Mboat1,0.060827255733874805
Gm48228,0.06084399591067435
Usp28,0.060850374008167514
Gpd2,0.06095724915268752
Il1rn,0.06095846712050491
Gm10135,0.060981951843709546
Mmp12,0.06103687348396246
Gm16153,0.061127360753260696
Gm28085,0.061175939026940115
Magi2,0.06122144018764482
Dnajc11,0.061356774141315754
Angptl1,0.061383619385170625
Xkr6,0.06149723090962898
Pbx1,0.061561484652685315
Mamdc2,0.06158096095291247
Gm14798,0.06158963647557149
Prdm10,0.06163321513939646
Hlcs,0.061702942054245785
Gm28198,0.0617464987233952
Gimap5,0.061753916141565175
Scai,0.06179950807746681
Cd46,0.06183154115549899
Tmlhe,0.06184445565619369
Adap2os,0.06205754378463382
Gm12703,0.062132192145312716
Nubpl,0.06225954602273656
Slc15a2,0.062289090375461466
Lamc1,0.06232634591345394
Mrc1,0.06236181668574993
Nup210,0.06240134453347446
Meis1,0.062449772156956136
Nol4l,0.06248816134070203
Zbtb25,0.06248943420404508
Zdhhc2,0.06254548929643323
Gm13710,0.06255245042363426
Tesk2,0.06258647813919821
Glp2r,0.06262418293473637
Copg2,0.06266701825007619
Traf3ip2,0.06275510870161788
Rab11fip1,0.06282692804626049
Clec4e,0.06291234114400561
Gm48855,0.06299391119598896
Pdgfa,0.06300341406900893
Zcwpw2,0.06304702930337827
Ccdc34,0.06312679335631252
Igf1r,0.06315637378641248
Fancd2,0.06329098451257938
Sytl2,0.06330373024477055
Gm14858,0.0633072945490658
Gdf15,0.06335699334209359
Gm17231,0.06349956657764567
Cradd,0.0636006121487878
Myo3b,0.06366900098782008
Gm14023,0.06367798457173701
2210408I21Rik,0.06368949331841525
Ifit1bl1,0.06370246911960217
Arl15,0.06374956315109195
Nos1ap,0.0637602209519105
Mrtfb,0.06379461509896171
Gm10785,0.06383964001125361
Trip4,0.06390667613853918
Dgat2l6,0.06414944084861197
Plekha5,0.06428084058497346
4930406D18Rik,0.06435752510661438
Ctsk,0.06438291550295316
Atg10,0.06441310854775799
C2,0.06446660564123714
Strip2,0.06460783419613482
Fap,0.06462441905621093
Radx,0.06471938663485605
Col9a3,0.06488217409750809
Alpk1,0.06494741093866199
Kiz,0.06498480015115735
Lmtk2,0.06499089634866045
Hectd2os,0.06502138830841599
Tnf,0.06502935703417359
Serpinb6a,0.06521756470210884
Il2ra,0.06527130134734911
Aven,0.06528586789562048
Gm11146,0.06528970739649503
4921511C10Rik,0.06534066507168108
Gimap6,0.06547786232586919
Minar1,0.06548531536148813
Gm10603,0.06559362622114415
Cwc27,0.06566186030814448
Chrnb1,0.06568987432475511
Cc2d2a,0.06571089515152147
B3gat2,0.0657192120509587
Nlrp3,0.06577497726832741
Cd247,0.06584627119566917
Hmgn5,0.0658775732175264
Slc9a5,0.06589814173299938
Gm19466,0.06594863655558601
Pde4c,0.06617560013020074
Cdkl5,0.06618674949685778
Rhbdd1,0.06634394651094407
Nfkbiz,0.06655375643793089
Neurl1b,0.0665889371375388
Dse,0.06662637178495975
Stim1,0.06671744627778034
Gm15886,0.0667399230949346
Slc6a20b,0.06686194764103134
Taf3,0.06687762443907211
Phlda1,0.06687839596784366
B930036N10Rik,0.06695961887212751
Mob3b,0.06696690333653249
Dgkh,0.06703918237165356
Epm2a,0.0670902745237863
Fam241a,0.06715098344589283
Cpne2,0.06717730986182197
Immp1l,0.06724663179749676
2610035D17Rik,0.0672491713669714
Gm17359,0.06735468997228895
Ankrd12,0.06737973344559949
Ly75,0.06742568407020924
Xrcc4,0.06755500087391678
Sertad2,0.06756533131457439
Asb3,0.06756996881253462
Gm26854,0.06760074400496681
Spata1,0.06769511367030004
Gm13402,0.06771056277934445
Slc18a2,0.06778493879244535
Gm4876,0.06782454645285425
Nt5e,0.06785668325386815
Slc7a11,0.06789881851566802
Hspa1a,0.06795137063992163
Ccl2,0.0679818239383408
Tmtc2,0.0681746634737749
Gm11716,0.06820532142506176
Immp2l,0.06841605218004491
Filip1l,0.06844777336925394
Gm12227,0.06849284599092262
Npat,0.0685562835656265
Prkg1,0.06870932118954226
Pdss2,0.06874476411957064
Eml5,0.06875114099296167
Cp,0.06875348509509754
Eefsec,0.06878691479845792
Wwox,0.06883619125626383
4831440D22Rik,0.06886194594165387
Pole2,0.06892032581970062
BC052040,0.06893958504515027
Fbxo33,0.06896228730102974
Cxcl2,0.06901492151701262
Plxna4os3,0.06922642667402892
Dmd,0.06951468094262414
Gm10248,0.06953267570533721
Grk5,0.06966192736475017
Tsga10,0.06966773780352152
Gm12592,0.06971191414688922
Smad6,0.06976529728618955
Gm44577,0.06984343259291662
Nrp1,0.06995056752729177
Clybl,0.06996877689548671
Zranb3,0.07001777861458065
Bcas3,0.07008373081122354
Gm11906,0.07015849034269317
Gm15738,0.07016555506819298
Ppp2r2b,0.0702557669825779
Dag1,0.07030020417460495
Itgb7,0.07031811270102808
Gm19667,0.07033669125985936
Ctdspl,0.07040341826897441
Hipk2,0.07040571031836984
Megf9,0.0704352119244502
Zfp831,0.07054826028324074
Aspn,0.07056947776705673
Fbxl2,0.07061307894814575
1700094J05Rik,0.070639615781646
Gm49189,0.0706420066370516
Dach1,0.07066126391183421
Gm15155,0.07068547450587032
Adamts6,0.07068598370600414
Iars2,0.070687804676696
Cep57l1,0.0707004404571133
Gm37571,0.07071406360084319
Lhpp,0.07077208137931028
4930484I04Rik,0.07094010506292663
St3gal4,0.07096366234358047
Hhat,0.07098883554979016
Uck2,0.07101731080526567
Vopp1,0.07104973283553565
Pgap1,0.07106665197392625
Bbx,0.07107280322962616
Snx25,0.07108317357637943
Snhg14,0.07112948367291849
Gm50020,0.07115077065726427
Glcci1,0.07115143095601112
Rgs12,0.07132823800191034
Acvr2a,0.07137696069053451
B3galt2,0.07141879516102088
Clcn5,0.07153881714422365
Pik3r3,0.07162554631821674
Mettl25,0.07166176629473148
Rps12,0.07179087948941158
Mcm4,0.07190587671215276
4930455C13Rik,0.07208459239542452
Adamts1,0.07218147715367731
4921511I17Rik,0.07219439769872002
Umad1,0.07244123872950443
Mcu,0.07244334915285706
Syn3,0.07246601214281627
Colec12,0.07249227506365002
Npnt,0.07249513524546822
Gm16552,0.07250519702124678
Gm20089,0.07257263976040582
Mtm1,0.07260223483437915
Pakap-1,0.07263494847217539
Enox2,0.0726878159464083
Tmem216,0.07276217950130635
Kynu,0.07277039945646821
Mir155hg,0.07278820417563449
Itgae,0.07282396176666152
Gm31763,0.07288450672698805
Gm50163,0.07312349047966742
4930512B01Rik,0.07313480007712532
Limk2,0.0731928171137617
Bach2,0.07322555758942961
Jazf1,0.073344640439032
Klhl2,0.07336571678735068
Akt3,0.07353054677817344
Cep290,0.07364231142949607
Arhgap32,0.0736655487441341
Pecam1,0.07369778569037529
Ap1s3,0.0737094500672996
C79798,0.07373564562191418
Gm39214,0.07385367178725954
Gm36992,0.07387805407859545
Pkd2l2,0.07388317222879387
Gm13822,0.07389644821312875
Gm11457,0.07394551216857123
Gcnt2,0.07395123510102439
Gbe1,0.0740601293580944
Spon1,0.07410854763332353
Ulk4,0.07411125353282635
St18,0.07426797154732433
Taf4b,0.07436232118228583
Fam214a,0.0744795074472169
Tgm2,0.0746151535589467
Egr3,0.07505195858913385
Gramd3,0.07513150947545905
Rnf24,0.0751964950650427
Mmd,0.07521464741740275
Gm12216,0.07535670486931563
Gm15614,0.0753610971183203
Wdpcp,0.07548540472972876
Mns1,0.07549348658651901
Rgcc,0.07555505336464939
Trim37,0.07564100876961029
Arl5b,0.07564195611362233
Cpq,0.07567856249035647
Tmem241,0.07579114115447258
Mgmt,0.07581391522267586
Gbp3,0.07582108661960575
Tes,0.07588091613619039
Ldlrad3,0.07589373068131758
Ccdc7a,0.07589761259059928
Akap7,0.07591289634156143
4930556J24Rik,0.07596197177385844
Htr2b,0.07600069559047463
Commd10,0.0760742329161067
Tpk1,0.07610137682845965
Pbx3,0.07610692163838995
Afg1l,0.07615834797302684
Il15ra,0.0761850911107518
Gys1,0.07622853694855503
Gm19605,0.0763321223609554
Gm50237,0.07634160462200722
Syne2,0.07634549922534344
Gmds,0.0763585365864033
Gab3,0.076394103078502
Pard3bos1,0.0764964099913998
Crim1,0.07650132156366858
Ogn,0.07654754744265485
A630089N07Rik,0.07658275320131637
Mnat1,0.07658596522141348
Gm44148,0.07679119390881337
Gm11476,0.07683140956497181
Bzw2,0.07683224384821621
Appl1,0.07687185529915994
Cep112,0.07690783828220833
Apoc1,0.07694722499740189
Nostrin,0.07705712915522725
Zhx2,0.07710466052177102
Zfp438,0.07719141542271779
Sntb2,0.0773766427163724
Ddb2,0.07746156104940694
Gbp7,0.0775867403212155
5430427M07Rik,0.0776756479011239
Myo10,0.07783176645812949
Gm49417,0.07783701747420409
Mitd1,0.07783907541011165
Zfp366,0.07798011824615535
Gfod1,0.07805535736758196
Als2,0.07805845347027514
Efcab11,0.07810448276837677
Icos,0.07811679523879586
Prkcg,0.07821165991226504
Fggy,0.07834810777486631
Phf6,0.07843025057269125
Ctla2b,0.07848501168216543
Nme7,0.07849004146323688
P2ry14,0.07850472442864588
Gm16541,0.07862462789288094
4930579G18Rik,0.07863901733032505
Slf1,0.07870774065727831
Ccdc73,0.07874068444123247
Nf2,0.07876518504916988
Gm47272,0.0787691824926852
Dapk1,0.07887510487333493
Camk4,0.07894246831617548
4930599N23Rik,0.07898394025677978
1110051M20Rik,0.07909051366845167
St5,0.07919773726589494
Slco5a1,0.07942347326200133
Gm27201,0.07965308080836528
Gm47827,0.07967762919144318
Gzmc,0.07975043784454591
Gramd1b,0.07980165550213646
Simc1,0.07992071286110226
Bst2,0.07995070566902004
Sntb1,0.08004096287533435
Plcxd2,0.08010364360842294
Gm4117,0.08016513112321547
Scfd2,0.08016529897575542
Gm10848,0.08026544939313299
Dusp2,0.08036074812214473
Rev3l,0.08036671435375288
Serpine1,0.08040227482366183
Ccdc88a,0.08064685736519656
Ppp2r3a,0.08091711057137971
Reps2,0.08099234982111071
Ildr1,0.08114223127325408
Magi3,0.08114570309659051
1700037C18Rik,0.08117850921283636
Itgb3bp,0.08125758878993464
Ahcyl2,0.0812796867318341
Gsdme,0.08134489531615843
Ifi44,0.08138437653382345
Cfdp1,0.08138959380270991
Pced1b,0.08142917997626982
Ptpn9,0.08147926187161283
Prdx1,0.08156385281144042
Plcb4,0.0816533591361243
Gm26936,0.08170550876512786
Papss2,0.08170709556241115
Gm4035,0.081723303461355
Rps28,0.08181417864487714
Gpr132,0.08182223709072485
Nmt2,0.08186398248060699
Rps24,0.08191094226508361
Gk,0.08196731843573189
Cerkl,0.08207432658612346
Alms1,0.08212915477142717
Stk39,0.0821320777972324
Gm47283,0.08214954865223448
Nedd4l,0.08225187333939968
Dpp4,0.08226639858351825
Gm36975,0.08228770714341226
Dram1,0.08235714914105237
Sclt1,0.08246039245877776
Gm50035,0.08252118814383952
Pex5l,0.082587836420717
Ripor2,0.08259222359053449
Ciita,0.0826025431637229
Gfm2,0.08261092663746347
Pmf1,0.08265018840007005
Srbd1,0.08273498616542092
Degs2,0.08275091928462575
Kalrn,0.08287427148581313
Gm37229,0.08297628996249015
Rad18,0.08301495703432112
4930523C07Rik,0.08305811339718117
Sag,0.08323695504094966
Pltp,0.08335205024377489
Spn,0.0833929438071401
Bcl11b,0.0834849165083798
Rps16,0.08350849803817242
Cadm1,0.08364995871506993
Prim2,0.08371031960696775
St8sia1,0.08372284283400357
Gm9968,0.08377879249649614
Cadm2,0.08378192206234772
Gramd4,0.08378528932146459
Gm44686,0.0838652859150927
Gm26802,0.0841239378597299
A930001M01Rik,0.084143075460846
Lysmd4,0.08421522865858432
Zhx3,0.08422730642824723
Slc16a1,0.08424912420557344
Ppp3cc,0.08425894791194129
Phlpp1,0.0843137712138288
Lima1,0.08431968494663598
Grasp,0.08437965643292246
Gm17590,0.08440492389980968
Fgf13,0.08444122701052684
Dscam,0.0845195028379084
Klra2,0.0845229324524482
Farp1,0.08454529163344271
Cip2a,0.08454935046187041
Cd83,0.08459130655042162
Zfp407,0.08464796488142483
Rad51b,0.08466612668232486
Afdn,0.08477625500174955
Actr3b,0.08488155329107556
Ralgapa2,0.08492871074003654
Slfn1,0.08506375594885682
Itga5,0.08510819128660883
Ccdc57,0.08520153898517586
Ccnb2,0.08526590670160718
Mfsd4a,0.08529781542490363
Pam,0.08530998416111495
Zbtb2,0.08572267898635529
Arhgap18,0.08572849081425264
1500004A13Rik,0.08586452823942917
Cntln,0.08588293382941517
Kansl1l,0.08589299587935355
Fosb,0.08594481787718075
Klf10,0.08599356121672486
Sdk1,0.08600178115805208
Homer1,0.08602137145679087
Ecm2,0.08603528985756904
Crybg1,0.08606701036521706
Rpgrip1,0.08608289603473604
Mastl,0.08617442418741414
Gm28379,0.08627581048913464
Traf1,0.08629612604435716
Ikzf2,0.08641116439504191
Mgst1,0.08658219476366022
Smyd3,0.08658892868963143
Cpeb2,0.08662491284640506
Adam33,0.08664142653185977
Cox6a2,0.08668093576020612
Gm13269,0.08688130220189515
Uhrf1bp1l,0.08713344897948469
Pitpnc1,0.08717592217121992
Smim4,0.08732176866307172
Neat1,0.08738714105784376
Zfand2a,0.08740103735765431
Gm47350,0.08744511435929063
Esr1,0.087682004554808
Tbc1d4,0.08771357704121384
Gm17227,0.0879589451212892
Kcnq5,0.08797945690237984
Rpl23,0.0880995156318444
Gna14,0.08810236250231143
Usp50,0.08825340522129214
Gm38604,0.08828908956436786
Ch25h,0.08838763622658365
Cd38,0.08841298616130551
Wwp1,0.08848394101919808
Scpep1os,0.0885118847648099
Slc41a2,0.08856863646535439
Brca2,0.08857381777583659
Cd40,0.08865756751601009
Gm15563,0.08881558044114396
Il18r1,0.08893604268256754
Rad51,0.08912471511514948
Zc3h12c,0.08919851188724874
Gm46411,0.0893979669162799
4933423P22Rik,0.08945641745556743
Ptchd1,0.08948484617473122
Adk,0.08963059211394696
Ly6a,0.08966275558218426
Arhgef18,0.08987646568730283
Dhx40,0.08998039567046479
Vxn,0.09008676304742562
Aspm,0.09013085391645557
Cacna1d,0.0902787899803814
Asah2,0.09032053347598203
Angpt2,0.09044385762706227
Cdk6,0.09045214809433037
Dnajc19,0.0904742068846666
Ankrd33b,0.09070812459978517
Gzmb,0.09089310351434172
Man2c1os,0.09090708135397696
Gm26759,0.09093541351319878
Pde7b,0.09099411033099877
Mast2,0.09104666111737253
Gadl1,0.09108818468875417
Il1rap,0.0911271367609245
4930473A02Rik,0.09112932394733463
Srgn,0.09122865274253773
Gm48765,0.09135898678413748
Lin52,0.09146267993329686
Psd3,0.09170072132130384
Aig1,0.09170868389410991
Fn1,0.09176397828521624
Rttn,0.09195390478670934
Prkce,0.09210083024627953
Shtn1,0.09221639926218572
Adhfe1,0.09222020184937425
Ctsw,0.09223935920044413
Kif20b,0.09232364245513579
Slc38a6,0.09239554742591637
Slc44a1,0.09266520754428283
mt-Nd1,0.09266644297379248
Mpp7,0.09272584864646159
Hivep2,0.0927449600047381
Rnf19b,0.09281160056731017
AY036118,0.09288857491097381
Slfn8,0.09298160932948146
Rps18,0.09300540848446154
Prkcq,0.09304448293085033
Kif11,0.09324871451606226
Xdh,0.09329938066303507
Arf4,0.09334188912472027
Gm28375,0.09343536585866223
Cnot10,0.09393043861899546
Slc7a5,0.09396065263207237
Pcgf5,0.09396669636088473
Cyp2r1,0.09405645841307372
Tiam1,0.0940709686334765
Nr4a3,0.09423869431412697
Rgs1,0.0942634690570157
Itpr1,0.09427092583620664
Rfx7,0.09443298529212889
Rsf1os2,0.09444068233793577
Gm34455,0.09444258926191838
Adgb,0.0945631922596341
Cenpp,0.09458328773913327
Mreg,0.09464226657654236
Wfdc17,0.09484468655412863
Cd69,0.09485053854193673
Ckap2l,0.09496207436835215
Eif2ak2,0.09496757212871014
Tg,0.09497233020069977
Cdc20,0.09516527144044365
Prune2,0.09526464362606002
Tiparp,0.09542241796184993
Insyn2a,0.09543055376238016
Dtnb,0.09548072337730187
5330438D12Rik,0.09549532775988309
Klrb1b,0.09550515298651502
Apoc4,0.09560614550620336
Carmil1,0.09570500138491245
Gls,0.09578978115465812
Ttpal,0.09603143509129564
Pole,0.09608964219629097
Gm12353,0.09611039567879107
Gm47243,0.09629312156669491
Gm43713,0.0965061439899382
mt-Atp6,0.09654061685495229
Galnt7,0.09656031407246674
Airn,0.09666897378922075
Ncoa7,0.09678902639834418
Nrp2,0.09704548123848934
Lpl,0.09716909738130404
Acod1,0.0971854731189385
Bcl2l11,0.09718629365944928
Hist1h1b,0.09723006156487972
Slc24a1,0.09727106710386357
mt-Co1,0.0973090860286278
Tspan5,0.09735657661719965
mt-Nd2,0.09757158612417836
Gm47167,0.09762160583413344
Rsf1os1,0.09782905678689859
Zbtb10,0.09787960426697957
Map3k20,0.09794031595883083
Gm12248,0.09836147721024291
Gm27017,0.09836348998810376
Gm42047,0.098395199487808
Ggact,0.09860868316499681
Ect2,0.0986669323068733
Lonrf3,0.09868318802788066
Gm20404,0.09883753828336506
Ezh2,0.09897578142194267
Spata5,0.09903676824063369
Fcrls,0.09915116727374503
6530409C15Rik,0.09925541949240238
Plac8,0.09926266431843436
Ifitm2,0.09930739510334875
Tmcc3os,0.09952792557556987
Plk2,0.09953285749819789
Setdb2,0.09954344952186045
Cenpa,0.09965989825822846
Ext1,0.09967061047217328
Dnajb13,0.09968227865552015
Cytip,0.09984325839480727
Sqstm1,0.0998805551728888
Lrguk,0.09991536845003153
Rps19,0.10003613990162072
Ptpn22,0.10019709994507758
Card11,0.10023184302709441
Siglec1,0.10042307247132905
Pla2g7,0.10045429207531312
Stil,0.10056686222338726
Slc10a1,0.10066426289520015
Aff3,0.10069091626109666
Antxr2,0.10069911940502677
Gpr68,0.10070153578387606
Atf3,0.10072979964663475
9130019P16Rik,0.10081526743477119
Prc1,0.10085756918309477
Rps20,0.10091259171343867
Sirt1,0.10092977605889825
Arid5b,0.10108789250361479
Gm32036,0.10116987460691905
Fmn1,0.10124947035082003
Anln,0.10140753339987574
Pfkp,0.10142508924093896
Trim30a,0.1015726000181409
Itsn1,0.10167416082725585
Gm43221,0.10176212121445524
Lockd,0.10181081861523099
Msra,0.10213589949705311
Gm26626,0.10217841858960162
Slc16a10,0.10245358598663029
Racgap1,0.10254151586034035
Mms22l,0.10254691978882455
Kif15,0.1026136171345949
Klrk1,0.10262128718309782
Gm15527,0.10269810618441103
Cxcl14,0.10274897483107708
Gem,0.10276637423208765
Bub1b,0.1028605818785933
1600010M07Rik,0.10306607036947799
Gm48678,0.10309079631718225
Utrn,0.10309170762246997
Hip1,0.10316989762490492
Themis,0.10318767236700188
Atxn7l1os1,0.10324657561195608
Rps25,0.10326569029848753
Nfe2l3,0.10329159164517097
Samd9l,0.10337888108740859
Pde4b,0.10343508655028547
Kif23,0.10395805456242577
Oprm1,0.10402163386691576
Rad51ap1,0.10405037741428715
Cblb,0.10407602683029453
Pclaf,0.10417380852145386
Fyn,0.1043660141819805
Fam210a,0.10444239629890349
Fmnl2,0.10469411319928208
Adam19,0.1047140494545941
Rabgap1l,0.10473828760592745
Polq,0.10488213939782658
Atad5,0.10489852674234981
Ctif,0.10494493627216837
Kif24,0.10502400425532098
mt-Co3,0.10510603331806966
Ell2,0.10522263814775024
Trerf1,0.10550882176590039
Anapc15,0.10555431957341647
Kif22,0.10563613674800935
Pdgfrl,0.1056578425577114
Gm2245,0.10572376059966769
mt-Co2,0.1059935016159844
Mis18bp1,0.10610820759087687
Blm,0.10639630809644313
Birc5,0.10651479884759225
Nes,0.10675742108392003
Pde7a,0.10683437667573986
Morrbid,0.10694988370887139
mt-Nd6,0.10706696934474981
Baiap2,0.10721991315730568
Agap1,0.10728427401635497
Far1os,0.1074257541564759
Itgal,0.10742703950038142
Cit,0.1074667658208078
Gm15635,0.10753347013398257
Napsa,0.1076112365289231
Cd226,0.10769173988878471
Gm36723,0.10777536538647828
Rps26,0.10777864772376178
Gm10974,0.10781293069876782
Igf2r,0.10836305954516755
Map3k8,0.10837957973679774
Gm16337,0.10839906185846832
Gm26749,0.10865485853759077
Ywhaq,0.10884619394077642
Adgre5,0.10920590372947259
Smc4,0.1092229757681752
Atad2,0.10925758542439659
Mast4,0.10956132760257116
Gm20528,0.10973505681920548
Nedd9,0.10973799824993993
Tmem163,0.109739086490637
Gm42836,0.10980685207042938
Ube2c,0.1099978593958251
Syne1,0.1101221297620466
Ifi27l2a,0.11019275823415191
Dab2,0.11027051876996462
Atrnl1,0.11039753952039874
Mthfd1l,0.11060180086500561
2610020C07Rik,0.11061497636552099
Dlgap5,0.11065220552158352
Fancc,0.11065652811129546
Gm20275,0.11092606061800105
9130015G15Rik,0.11147424643863775
Plaur,0.11190297772769608
Cacna1a,0.11193068489422721
Rec114,0.11203306254713995
Dock5,0.11239236940183003
Ccl3,0.1125684404227883
Cdca8,0.11261281373130902
Baiap2l1,0.11263088541816867
Irgm1,0.11263623027939874
Fnip2,0.1129193629298725
4930479D17Rik,0.1130635624222845
Arhgap26,0.1131119509144267
Gm19710,0.11341111481410533
Mcph1,0.11345416222423026
Gbp2,0.11351356515968485
mt-Cytb,0.1137906004526577
Parp14,0.11380006951671556
Timeless,0.11396274538748732
Atg16l2,0.11409725153341853
Cdca2,0.11410288549736174
Cd52,0.11421025657229092
Osbpl3,0.11429961833309593
Hells,0.11460645509739846
Pola1,0.11494587916124771
Atxn1,0.11509574502348276
St7,0.11516037507437475
Gm41764,0.11564767095792806
Ifi208,0.11574929340374084
4930557K07Rik,0.11581288419385086
Xcl1,0.11589283295822043
Cenpe,0.11593312807326671
Gm28501,0.11609795549183809
Ahnak2,0.11642375215845256
Gm26827,0.11652117323006966
Smc2,0.11652879787964757
Taco1,0.11657345534343402
Ier3,0.11670397242972529
Apbb2,0.11670817548309838
4930444A19Rik,0.1167122982959652
S100a11,0.11678890607765101
1700025G04Rik,0.11686029737146603
Gm13684,0.11693632247206252
Iigp1,0.11694581320729106
Nsd2,0.1170118581485515
Oas3,0.11715804325108728
Abtb2,0.11733049760722507
Tpx2,0.11738628676361687
Chka,0.11764071802582457
Ms4a4b,0.11773948536476607
Cxcl10,0.11778250306673932
Esco2,0.11779364176161944
Gins2,0.11834746819392268
Arhgap10,0.1184097014009426
Ezr,0.11842253113908191
Herc6,0.11855767540383252
Ddhd1,0.11859328263854133
Traf3,0.11869772141088833
Gm13708,0.11899409794437554
Ifrd1,0.11942265629643387
Aoah,0.11946887521243814
H2-Ab1,0.11965717680286318
Chst11,0.11971388778958175
Lrrc8c,0.12042475437498316
Txk,0.12052060718036539
Myof,0.12071320246103154
Rora,0.12092131242100024
Strbp,0.12116650711342859
Nasp,0.12123925856932133
Hmgb2,0.12124040625583489
Pbk,0.12128249629007103
Nusap1,0.1214001314120818
Fgr,0.12155803605711164
4930469K13Rik,0.1218618198535043
Ifi203,0.12195128384283771
Anxa2,0.1219726212482142
Sh3bgrl,0.12200523448200967
Pkp4,0.12216085519024421
mt-Nd5,0.12232120761601252
Hmmr,0.12254437781284416
Knl1,0.12329052213923611
Zswim4,0.12330550461866945
Fxyd5,0.12363016341971049
Ccnd2,0.12364287330167667
Pml,0.12389221570899431
Sulf2,0.123964119042811
Hist1h3c,0.12397275615107786
Ifi47,0.12416847791135058
Ms4a4c,0.1243010097317418
Gimap4,0.12442404575849744
Tnik,0.12478921680726235
Anxa5,0.12479440387421764
Cenpf,0.12495021520082845
Neil3,0.1252949515409009
Ccl12,0.12591926214825563
Cep128,0.12604779314862835
Dtl,0.12615011186223551
Znrf3,0.12693138373445806
Pdss1,0.1274035073548088
Cdkn1a,0.12750775260159206
Runx2,0.12773793235513559
Sash1,0.12774380683157482
March3,0.12783204351602778
Casp4,0.1281148328813941
Ifih1,0.12822123743898617
Ctla2a,0.1282614999005624
Zfp704,0.1283093828081537
Stmn1,0.1283879348364737
Gm4951,0.12874512472457736
AW112010,0.1288034691522469
Mif,0.1293010747279073
Bhlhe40,0.1293216359685872
Id2,0.1294549313580616
Irs2,0.12960961913495173
Apoc2,0.12978057018256153
Gm42962,0.13077151096895875
Stat2,0.13100585592796943
mt-Nd4,0.13104119899286734
Phf11d,0.13114227678773485
Acaca,0.1316367231139459
Ptger4,0.13167612447395827
Prkch,0.13168790853140938
Fam20c,0.13182075260018267
Ank,0.13182753772217745
Gm21057,0.13183724613875725
Tnfaip3,0.13258700095724804
Ass1,0.13286807306408452
Tank,0.1330468907197587
Brip1,0.13316841338730015
A330040F15Rik,0.13350661117461113
Apobec1,0.1336246035826858
Ms4a6c,0.1337865200666978
Lgals1,0.1339710933083269
Lilr4b,0.1343216670555299
Gm17106,0.13437224608979856
Prr5l,0.13443322527424165
Kif4,0.13461501938112586
H2-Q7,0.13470575107169996
Tpst1,0.1347581423763521
Slfn2,0.1348155969850126
Cmpk2,0.1350214306587723
Brip1os,0.1354286169189243
4930405A10Rik,0.13554009763080105
Trim30c,0.1362622223832353
Cstb,0.13643342265805444
Creb5,0.13667588981127632
Runx3,0.13680524772102065
Sp100,0.1369280208858997
Cpd,0.13761929203460885
Cst7,0.13788041491031222
Phf11b,0.13790548438871741
Ifi209,0.13808345552622087
Epsti1,0.1384131455887312
Etl4,0.138638546527188
Gm10563,0.1396233239587048
Trps1,0.13972728805453236
Ddx60,0.14043684184007282
Oas2,0.14071672748463057
Gpnmb,0.1412207271830293
St6galnac3,0.14145517982545183
Mllt3,0.14186243284246258
Gm27008,0.14191079807116017
Pim1,0.14195544807775481
Ccl4,0.14247266279242699
Stat4,0.1425572850185579
Myo1e,0.14299156685810963
Grap2,0.14343238002261613
Fgfr2,0.1434679007695843
AI504432,0.14475137740696437
Itgax,0.1450212919395484
Olfr111,0.1452305162586945
Ms4a7,0.14545666243593902
Slamf7,0.1454709062620438
Apoe,0.14555748707620567
Gm37240,0.1456079344546399
4930595D18Rik,0.14595956286356856
Clic4,0.14683135754707885
Gadd45b,0.1469399962808384
Stat1,0.14742345326724104
Diaph3,0.1476242210567461
Mndal,0.1479584438953206
Myo5a,0.14803017729372492
Cers6,0.14816531108248204
Ifi204,0.14846234875249098
Cd44,0.14883102771084583
Gas7,0.14893766237285397
Tsix,0.14927298675252804
Tox,0.14935475396654163
Mki67,0.14936667359564204
Gm16599,0.14974091417406762
Tmsb10,0.14992201542278552
Emb,0.15145319534903817
Peak1,0.15238169541476038
Gm7480,0.15257038165663891
Rasgef1b,0.1530330476130083
Flt1,0.1547599105686671
Gm26917,0.1547739472582124
Ahnak,0.1557101593469127
Gas2l3,0.15625552953189298
Csf1,0.15640239007943926
Ifitm3,0.15658372875922819
Top2a,0.15698420533715046
Mdfic,0.15815248205676602
Bcar3,0.16045728914819277
Ifit1,0.16065175639499057
Abca1,0.16093396632544937
Atp10a,0.16120778790160376
Rnf213,0.16156985235124452
Iqgap2,0.16182252136336708
Rai14,0.16207702712994665
Abcg1,0.16237961983861893
Itga4,0.16248958172110015
Gm15283,0.1627104721291888
Bcl2,0.1630645201825425
Skap1,0.16314302972283737
H2-Eb1,0.1634485229234934
S100a6,0.16401180107404204
Phykpl,0.1650979018832888
Ccl5,0.16516995655712585
Isg15,0.1653962784322293
Plxnc1,0.16613732732252692
Vav3,0.1666788548735844
H2-Aa,0.16740093452038984
Irf7,0.16794556126871393
Xylt1,0.16843807358303303
Gm2682,0.16868924951774172
Lrrc4,0.1692199997863118
Crip1,0.16949632020307073
Ifi206,0.1706434560167273
Oasl1,0.17095902398622254
Vim,0.17271878307430694
Ifit3b,0.17413022338998516
A930037H05Rik,0.17436471661507735
Nlrc5,0.1757020982681252
Rsad2,0.17684503219717154
Spp1,0.17708778948585552
Rab7b,0.1774589660476582
Rftn1,0.17764395738374453
Igf1,0.17924866844269344
Oasl2,0.18089441992451824
Slfn5,0.18143097194888366
Alcam,0.18333852750974183
Ifit2,0.1848815078803789
Usp18,0.18523694530344947
Insyn2b,0.18545154651528378
Fabp5,0.18732817609869204
Iqgap1,0.18804488659192947
Ifi213,0.19030718317569237
Ifit3,0.1957219326919667
Ifi211,0.2013644568747771
Cybb,0.20249724792882706
Cd74,0.2041647973325153
Lilrb4a,0.20526217797167545
Lgals3,0.22195257819679234
Ifi207,0.23172351418703183
