gene_symbol,variant_id,chrom,pos,ref,alt,slope,slope_se,pval_nominal,tss_distance,maf
CD44,chr11_35228123_A_G_b38,chr11,35228123,A,G,0.0977872,0.0160918,2.17945e-09,89253,0.370896
TREM2,chr6_41182996_TAGAGTAAATAGGAACTA_T_b38,chr6,41182996,TAGAGTAAATAGGAACTA,T,-0.478569,0.0889122,1.05521e-07,19810,0.0514925
SPP1,chr4_87852817_A_C_b38,chr4,87852817,A,C,-0.260266,0.0300061,3.91419e-17,-122833,0.382836
LGALS3,chr14_55049687_C_T_b38,chr14,55049687,C,T,-0.45277,0.100714,8.32767e-06,-74423,0.0126866
LGALS3,chr14_55370325_T_C_b38,chr14,55370325,T,C,-0.405087,0.0999586,5.7328e-05,246215,0.0126866
ITGAX,chr16_31358769_T_G_b38,chr16,31358769,T,G,0.292883,0.0180998,3.86165e-49,3635,0.286567
CX3CR1,chr3_39236428_T_C_b38,chr3,39236428,T,C,0.187486,0.0332941,2.75169e-08,-45307,0.0835821
CSF1R,chr5_150124107_G_A_b38,chr5,150124107,G,A,-0.0874344,0.0205745,2.48211e-05,10735,0.210015
CCL5,chr17_35841496_G_C_b38,chr17,35841496,G,C,-0.0969667,0.0159616,2.20282e-09,-39297,0.222222
