gene,variant,rsid,beta_exp,se_exp,p_exp,beta_out,se_out,p_out,beta_mr,se_mr,p_mr,OR,OR_lo,OR_hi
CD44,chr11_35228123_A_G_b38,rs12419062,0.0977872,0.0160918,2.17945e-09,-0.0126494,0.0107626,0.239871,-0.1293563983834285,0.11006143953400854,0.23987039586423753,0.8786607564621078,0.7081659501619091,1.0902031152020932
TREM2,chr6_41182996_TAGAGTAAATAGGAACTA_T_b38,"rs71724416,rs370026785",-0.478569,0.0889122,1.05521e-07,0.0317499,0.0353312,0.368847,-0.06634341129492298,0.0738267627029749,0.36884639945557984,0.93580944157255,0.809738545955061,1.081508735518353
SPP1,chr4_87852817_A_C_b38,rs6532024,-0.260266,0.0300061,3.91419e-17,0.00644812,0.0105276,0.540209,-0.024775114690355253,0.040449386396993844,0.5402091969508176,0.9755292695641179,0.9011749094953824,1.0560184773777015
LGALS3,chr14_55049687_C_T_b38,rs75464260,-0.45277,0.100714,8.32767e-06,-0.0856068,0.140007,0.540903,0.1890734810168518,0.30922322592044527,0.5409039797697353,1.208129723821953,0.659018256327171,2.2147754111040867
LGALS3,chr14_55370325_T_C_b38,rs74726735,-0.405087,0.0999586,5.7328e-05,-0.0922999,0.142196,0.51627,0.2278520416601866,0.3510258290194452,0.5162715764836212,1.255899490881154,0.6311835424525395,2.4989300656775955
ITGAX,chr16_31358769_T_G_b38,rs11150616,0.292883,0.0180998,3.86165e-49,0.0113513,0.0105603,0.282419,0.038757114615733924,0.036056377461307076,0.2824180803108499,1.0395179692639562,0.9685904727079727,1.1156393118358252
CX3CR1,chr3_39236428_T_C_b38,rs73826301,0.187486,0.0332941,2.75169e-08,-0.0196503,0.016798,0.242082,-0.10480942577045751,0.08959602316973,0.24208147326110274,0.900496117588769,0.7554681684987326,1.0733652212029718
CSF1R,chr5_150124107_G_A_b38,rs2304061,-0.0874344,0.0205745,2.48211e-05,-0.0068969,0.0134582,0.608324,0.0788808523876186,0.15392339857081425,0.6083233461188375,1.0820753876904954,0.8002676787748931,1.4631193733052092
CCL5,chr17_35841496_G_C_b38,rs4796116,-0.0969667,0.0159616,2.20282e-09,-0.00137512,0.0136434,0.919717,0.014181363292759267,0.14070191106843896,0.9197170655301156,1.0142823958533855,0.769823214231828,1.33637016852583
