,bin1,bin2,bin3,bin4,bin5,bin6,bin7,bin8,bin9,bin10,bin11,bin12,bin13,bin14,bin15,bin16,bin17,bin18,bin19,bin20,bin21,bin22,bin23,bin24,bin25,bin26,bin27,bin28,bin29,bin30,bin31,bin32,bin33,bin34,bin35,bin36,bin37,bin38,bin39,bin40,bin41,bin42,bin43,bin44,bin45,bin46,bin47,bin48,bin49,bin50,bin51,bin52,bin53,bin54,bin55,bin56,bin57,bin58,bin59,bin60,bin61,bin62,bin63,bin64,bin65,bin66,bin67,bin68,bin69,bin70,bin71,bin72,bin73,bin74,bin75,bin76,bin77,bin78,bin79,bin80,bin81,bin82,bin83,bin84,bin85,bin86,bin87,bin88,bin89,bin90,bin91,bin92,bin93,bin94,bin95,bin96,bin97,bin98,bin99,bin100,bin101,bin102,bin103,bin104,bin105,bin106,bin107,bin108,bin109,bin110,bin111,bin112,bin113,bin114,bin115,bin116,bin117,bin118,bin119,bin120
Gm42418,-1.68,-1.335,-0.342,-0.008,0.902,1.523,0.733,0.75,1.353,1.256,1.063,1.225,0.816,1.103,0.977,1.011,0.988,0.835,0.573,0.943,1.048,0.799,0.602,0.992,0.955,1.113,0.473,1.008,0.629,0.733,1.101,0.803,0.875,0.594,0.773,0.816,0.921,0.621,0.626,0.726,0.668,0.7,0.557,0.818,0.857,0.255,0.309,0.421,0.636,0.448,0.269,0.172,0.392,0.116,0.38,0.178,0.123,-0.316,-0.047,-0.624,-0.383,0.057,-0.094,-0.193,-0.418,-0.226,-0.566,-0.602,-0.648,-0.735,-0.574,-0.674,-1.112,-1.056,-1.448,-1.113,-1.598,-1.245,-1.463,-1.116,-1.705,-1.788,-1.673,-1.562,-1.653,-1.473,-1.775,-1.657,-1.755,-1.606,-1.697,-1.634,-2.128,-2.037,-2.46,-1.836,-1.31,-0.949,-0.03,-0.028,-0.033,0.548,0.185,0.515,0.323,0.3,0.295,0.035,0.083,0.587,0.488,0.69,1.229,0.728,0.493,0.461,0.981,1.865,0.968,0.02
Hpgd,-1.57,-0.942,-2.058,-2.669,-2.223,-1.229,-0.688,-0.281,-0.21,-0.071,0.215,-0.115,0.748,0.512,0.413,0.658,0.357,0.726,0.494,0.523,0.618,0.663,0.445,0.498,0.613,0.641,0.537,0.636,0.575,0.489,0.512,0.56,0.782,0.488,0.581,0.691,0.476,0.827,0.532,0.705,0.361,0.664,0.434,0.565,0.679,0.749,0.662,0.81,0.313,0.738,0.637,0.785,0.744,1.029,0.464,0.726,0.609,0.723,0.637,0.616,0.517,0.528,0.647,0.631,0.592,0.405,0.572,0.457,0.712,0.557,0.45,0.486,0.714,0.452,0.639,0.69,0.562,0.481,0.548,0.492,0.496,0.545,0.67,0.692,0.586,0.609,0.449,0.469,0.396,0.633,0.529,0.496,0.733,0.306,0.157,0.337,0.107,-0.098,-0.5,-0.598,-1.409,-1.076,-1.502,-1.537,-1.758,-1.548,-0.979,-1.937,-1.433,-1.912,-2.168,-2.25,-1.932,-2.018,-1.552,-2.216,-2.214,-2.834,-2.392,-0.885
Ccr5,-2.122,-1.816,-0.875,-1.414,-1.299,-1.609,-1.094,-0.965,-0.85,-0.322,-0.257,0.343,0.443,0.225,0.021,0.472,0.639,0.561,0.379,0.724,0.651,0.616,0.716,0.465,0.673,0.797,0.569,0.582,0.749,0.7,0.556,0.847,0.648,0.737,0.577,0.649,0.733,0.333,0.624,0.894,0.711,0.565,0.474,0.709,1.072,0.869,0.54,0.638,0.746,0.762,0.879,0.428,0.717,0.6,0.834,0.776,0.592,0.704,0.474,0.559,0.533,0.488,0.782,0.444,0.738,0.688,0.717,0.609,0.458,0.675,0.871,0.354,0.497,0.294,0.404,0.738,0.01,0.327,0.372,0.276,0.239,0.604,0.453,0.693,0.565,0.668,0.595,0.528,0.521,0.284,0.504,0.666,0.548,0.191,0.08,0.042,-0.05,-0.336,-0.279,-0.493,-0.885,-0.887,-0.659,-1.109,-0.953,-0.956,-1.02,-1.499,-0.861,-1.253,-2.194,-1.608,-2.06,-2.918,-2.549,-2.906,-2.246,-3.035,-2.581,-2.071
Csmd3,-0.58,-0.328,-0.935,-1.483,-1.231,-1.119,-0.708,-0.562,-0.549,0.019,-0.034,0.238,0.423,0.433,0.09,0.666,0.799,0.624,0.54,0.628,0.778,0.718,0.593,0.626,0.555,0.619,0.553,0.483,-0.085,0.537,0.493,0.607,0.452,0.468,0.399,0.318,0.511,0.438,0.208,0.701,0.336,0.478,0.66,0.531,0.354,0.431,0.28,0.623,0.54,0.563,0.246,0.132,0.389,0.3,0.437,0.081,0.567,0.458,0.52,0.299,0.541,0.513,0.392,0.369,0.642,0.338,0.483,0.227,0.309,0.318,0.425,0.541,0.461,0.173,0.519,0.47,0.246,0.341,0.627,0.615,0.353,0.504,0.357,0.541,0.693,0.646,0.492,0.577,0.769,0.463,0.385,0.434,0.563,0.354,0.643,0.336,0.455,0.154,0.237,-0.029,-0.289,-0.907,-0.556,-0.827,-1.006,-0.742,-0.468,-0.35,-0.428,-0.888,-1.047,-0.719,-1.495,-3.053,-2.116,-3.334,-3.851,-5.163,-3.772,-1.596
4933406I18Rik,-1.273,-1.312,-1.177,-1.5,-1.492,-1.968,-1.181,-0.653,-0.604,0.04,-0.24,0.141,0.212,-0.0,0.02,0.131,0.198,0.144,0.478,0.475,0.282,0.295,0.246,0.345,0.291,0.549,0.265,0.577,0.537,0.633,0.25,0.311,0.41,0.153,0.652,0.595,0.337,0.594,0.552,0.507,0.574,0.797,0.51,0.65,0.489,0.799,0.426,0.528,0.732,0.587,0.255,0.48,0.46,0.613,0.758,0.58,0.624,0.711,0.669,0.542,0.655,0.737,0.615,0.702,0.375,0.747,0.801,0.532,0.469,0.536,0.483,0.674,0.56,0.524,0.476,0.238,0.578,0.498,0.523,0.462,0.578,0.73,0.653,0.709,0.427,0.565,0.395,0.306,0.605,0.496,0.534,0.675,0.284,0.231,0.44,0.596,0.447,0.378,0.181,-0.271,-0.839,-0.704,-0.457,-0.825,-0.466,-0.773,-0.692,-0.741,-0.729,-1.365,-1.511,-1.745,-1.371,-1.743,-1.285,-2.632,-2.949,-5.575,-4.017,-0.329
Nav3,-0.238,-0.186,-0.709,-0.224,-0.353,-0.639,-0.171,0.087,-0.086,-0.111,-0.105,-0.113,0.167,0.094,-0.084,0.237,0.211,0.009,0.086,0.504,0.2,0.152,-0.033,0.291,0.321,0.081,-0.01,-0.149,0.256,0.228,0.245,0.66,0.409,0.186,0.226,0.261,0.243,0.236,0.461,0.169,0.499,0.301,0.43,0.656,0.198,0.335,0.491,0.464,0.637,0.345,0.304,0.459,0.661,0.377,0.544,0.339,0.513,0.468,0.359,0.361,0.431,0.445,0.404,0.505,0.28,0.545,0.614,0.567,0.658,0.406,0.624,0.404,0.454,0.526,0.502,0.41,0.422,0.41,0.485,0.631,0.496,0.536,0.447,0.407,0.42,0.305,0.518,0.354,0.577,0.38,0.224,0.361,0.393,0.443,0.316,-0.028,0.359,0.167,-0.183,-0.487,-0.108,-0.472,-0.164,0.21,0.281,0.197,0.28,-0.191,-0.439,-0.423,-0.375,-0.705,-1.027,-1.992,-2.057,-3.098,-4.134,-6.732,-4.111,-2.221
Jun,-0.415,-0.395,-1.627,-1.313,-1.611,-1.254,-0.957,-0.525,-0.83,-0.468,-0.571,-0.367,-0.006,-0.355,-0.217,-0.434,-0.003,-0.005,0.296,0.185,0.116,0.424,0.107,0.256,0.104,0.158,0.304,0.306,0.308,0.39,0.442,0.404,0.346,0.184,0.311,0.522,0.458,0.558,0.53,0.302,0.589,0.45,0.417,0.438,0.375,0.751,0.524,0.418,0.554,0.603,0.559,0.867,0.722,0.747,0.538,0.752,0.696,0.75,0.767,0.698,0.678,0.85,0.657,0.759,0.635,0.661,0.738,0.834,0.591,0.789,0.765,0.694,0.832,0.871,1.025,0.771,0.819,0.636,0.87,0.902,0.871,0.923,0.812,0.797,0.805,0.843,0.757,0.771,0.97,0.82,0.701,0.831,0.881,0.786,0.483,0.607,0.446,0.413,-0.75,-0.958,-1.073,-1.168,-1.598,-1.799,-1.241,-1.809,-1.545,-1.781,-1.544,-1.842,-1.149,-2.458,-1.577,-1.396,-1.024,-2.086,-2.452,-4.407,-2.468,-0.64
Tyrobp,-3.476,-2.298,-1.384,-1.706,-1.265,-1.247,-0.78,-1.173,-0.632,-0.403,0.013,-0.554,-0.091,-0.169,0.403,0.565,0.07,0.397,0.559,0.258,0.608,0.383,0.622,0.504,0.492,0.509,0.552,0.561,0.742,0.441,0.492,0.46,0.451,0.462,0.626,0.699,0.446,0.597,0.42,0.709,0.579,0.456,0.57,0.44,0.479,0.647,0.54,0.421,0.513,0.588,0.38,0.353,0.371,0.467,0.41,0.515,0.52,0.456,0.487,0.505,0.317,0.556,0.365,0.468,0.567,0.477,0.538,0.439,0.462,0.506,0.462,0.44,0.555,0.599,0.6,0.473,0.624,0.583,0.559,0.37,0.617,0.642,0.484,0.43,0.44,0.598,0.315,0.483,0.578,0.611,0.486,0.547,0.615,0.58,0.176,0.592,0.299,0.222,-0.289,-0.938,-1.294,-1.186,-1.625,-3.349,-2.56,-2.816,-2.524,-2.816,-2.542,-1.707,-1.723,-2.306,-0.873,-0.693,0.023,0.211,0.642,1.439,1.317,-0.627
Agmo,-0.71,-0.443,-1.039,-1.908,-1.993,-1.561,-0.858,-0.68,-0.887,-0.291,-0.57,-0.475,-0.072,-0.069,0.102,0.048,0.542,0.054,0.169,0.131,0.063,0.24,0.02,0.356,0.124,0.308,0.389,0.165,0.612,0.605,0.374,0.39,0.233,0.349,-0.054,0.374,0.252,0.716,0.593,0.715,0.497,0.475,0.573,0.303,0.654,0.797,0.636,0.478,0.636,0.563,0.615,0.258,0.646,0.317,0.681,0.532,0.715,0.616,0.438,0.705,0.646,0.546,0.638,0.524,0.489,0.717,0.567,0.659,0.442,0.355,0.667,0.613,0.806,0.705,0.637,0.533,0.666,0.556,0.888,0.621,0.752,0.858,1.091,0.804,0.579,0.65,0.706,0.633,0.533,0.748,0.689,0.576,0.748,0.69,0.751,0.185,0.408,0.048,-0.07,-0.309,-0.513,-0.759,-0.683,-0.35,-0.548,-0.056,-0.36,-0.518,-0.666,-0.811,-1.245,-1.365,-1.919,-2.265,-2.459,-2.678,-3.668,-4.719,-3.37,-1.845
Arsb,-2.064,-1.608,-2.551,-2.517,-1.856,-1.739,-0.385,-0.417,-0.488,-0.82,-0.036,0.014,0.05,0.104,0.192,0.134,0.303,0.513,0.339,0.409,0.586,0.448,0.04,0.653,0.326,0.489,0.657,0.663,0.359,0.39,0.591,0.316,0.673,0.686,0.667,0.524,0.411,0.548,0.488,0.711,0.367,0.758,0.637,0.66,0.476,0.687,0.523,0.834,0.591,0.632,0.674,0.613,0.019,0.594,0.775,0.628,0.793,0.708,0.679,0.698,0.559,0.161,0.43,0.486,0.639,0.506,0.351,0.295,0.664,0.791,0.637,0.694,0.675,0.274,0.686,0.516,0.639,0.582,0.686,0.553,0.775,0.641,0.423,0.641,0.709,0.748,0.578,0.597,0.567,0.582,0.415,0.35,0.484,0.338,0.247,0.311,0.473,0.395,-0.222,-0.478,-0.591,-0.248,-0.438,0.038,-1.036,-0.746,-0.904,-0.515,-1.49,-1.709,-1.824,-1.74,-2.806,-3.559,-1.717,-2.19,-1.84,-3.563,-2.623,-0.05
Tmsb4x,-1.696,-1.123,-0.341,-0.449,-0.545,-1.138,-0.883,-1.221,-0.832,-0.513,-0.313,-0.612,-0.174,-0.135,0.217,0.325,-0.159,0.349,0.307,0.412,0.37,0.309,0.439,0.317,0.454,0.523,0.434,0.526,0.704,0.5,0.457,0.474,0.474,0.568,0.675,0.668,0.653,0.508,0.494,0.642,0.493,0.488,0.479,0.524,0.61,0.529,0.456,0.428,0.534,0.612,0.55,0.525,0.475,0.477,0.355,0.51,0.515,0.508,0.613,0.41,0.448,0.514,0.323,0.451,0.553,0.394,0.376,0.408,0.363,0.4,0.431,0.304,0.369,0.528,0.458,0.458,0.367,0.4,0.403,0.26,0.289,0.335,0.234,0.258,0.376,0.346,0.048,0.343,0.236,0.295,0.148,0.336,0.352,0.245,-0.299,0.119,-0.114,-0.359,-0.86,-1.579,-2.123,-1.875,-2.327,-3.618,-3.016,-3.198,-2.926,-2.796,-2.551,-2.265,-1.565,-1.489,0.095,0.871,0.666,1.185,1.665,1.722,1.535,1.298
Nav2,-0.072,-0.419,-0.446,-1.207,-1.164,-1.154,-0.309,0.069,-0.076,0.151,-0.197,0.219,0.229,0.117,-0.068,0.236,0.241,0.291,0.208,0.254,0.194,0.015,0.022,0.098,0.155,0.279,0.175,0.429,0.18,0.244,0.282,0.262,0.192,0.222,0.269,0.278,0.036,0.204,0.189,0.166,0.364,0.038,0.349,0.49,0.35,0.339,0.319,0.347,0.332,0.418,0.495,0.405,0.529,0.392,0.484,0.434,0.353,0.446,0.349,0.538,0.544,0.28,0.364,0.37,0.536,0.506,0.477,0.479,0.333,0.579,0.441,0.493,0.719,0.472,0.704,0.4,0.511,0.585,0.526,0.774,0.629,0.693,0.664,0.526,0.771,0.574,0.76,0.632,0.583,0.681,0.394,0.632,0.562,0.584,0.662,0.524,0.477,0.275,0.192,0.024,0.144,-0.106,-0.172,-0.045,-0.077,0.087,-0.258,-0.236,-0.741,-0.67,-0.744,-1.032,-2.006,-2.023,-2.333,-3.402,-4.092,-5.727,-4.23,-1.829
P2ry12,-1.141,-1.036,-0.963,-1.561,-1.298,-1.309,-0.588,-0.549,-0.096,-0.033,0.136,0.27,0.609,0.413,0.64,0.554,0.479,0.545,0.544,0.524,0.505,0.592,0.494,0.512,0.582,0.689,0.581,0.725,0.592,0.606,0.71,0.607,0.663,0.559,0.715,0.662,0.658,0.586,0.517,0.677,0.53,0.631,0.735,0.791,0.768,0.655,0.624,0.681,0.672,0.665,0.592,0.707,0.681,0.527,0.747,0.576,0.587,0.721,0.577,0.549,0.576,0.611,0.618,0.616,0.556,0.508,0.538,0.581,0.574,0.698,0.581,0.483,0.632,0.574,0.573,0.481,0.581,0.539,0.557,0.566,0.376,0.432,0.456,0.475,0.48,0.396,0.417,0.333,0.428,0.415,0.258,0.388,0.373,0.307,0.176,0.167,0.075,-0.087,-0.776,-0.746,-1.194,-1.003,-1.114,-1.072,-1.301,-1.101,-1.272,-1.168,-1.085,-1.635,-2.076,-2.133,-2.311,-2.673,-2.194,-2.878,-2.449,-3.559,-3.369,-1.583
Tmem119,-2.069,-1.727,-1.03,-1.055,-1.113,-1.55,-0.683,-0.4,-0.088,0.08,0.146,0.069,0.417,0.344,0.552,0.393,0.422,0.636,0.501,0.553,0.39,0.668,0.643,0.567,0.748,0.802,0.713,0.62,0.704,0.596,0.718,0.736,0.597,0.664,0.783,0.68,0.714,0.719,0.667,0.727,0.866,0.59,0.65,0.618,0.559,0.677,0.595,0.654,0.67,0.603,0.631,0.577,0.508,0.682,0.451,0.563,0.384,0.742,0.639,0.389,0.506,0.765,0.646,0.604,0.671,0.412,0.54,0.655,0.64,0.553,0.611,0.627,0.667,0.546,0.529,0.603,0.538,0.606,0.484,0.51,0.569,0.528,0.595,0.538,0.652,0.564,0.5,0.398,0.623,0.526,0.374,0.581,0.398,0.558,0.054,0.356,0.139,-0.106,-0.788,-1.098,-1.639,-1.656,-1.189,-1.815,-1.586,-1.65,-1.865,-2.191,-1.874,-2.34,-2.469,-2.27,-1.781,-2.171,-1.582,-1.926,-1.745,-2.677,-2.443,-0.715
Sall1,-1.8,-2.099,-1.991,-1.821,-2.107,-1.881,-0.797,-0.216,-0.311,0.198,-0.053,-0.338,0.271,0.231,0.252,0.429,0.713,0.474,0.362,0.72,0.663,0.588,0.601,0.385,0.71,0.496,0.478,0.548,0.637,0.568,0.834,0.944,0.666,0.984,0.734,0.643,0.433,0.547,0.614,0.78,0.718,0.4,0.722,0.634,0.654,0.804,0.642,0.686,0.626,0.632,0.614,0.71,0.568,0.463,0.553,0.728,0.419,0.639,0.64,0.62,0.52,0.671,0.745,0.465,0.668,0.451,0.91,0.504,0.585,0.724,0.572,0.726,0.599,0.535,0.449,0.749,0.461,0.513,0.386,0.437,0.279,0.582,0.357,0.538,0.456,0.539,0.276,0.466,0.661,0.671,0.15,0.292,0.271,0.404,0.071,0.321,0.154,0.28,-0.387,-0.58,-0.692,-0.518,-0.667,-1.076,-1.368,-0.839,-1.333,-1.173,-1.64,-2.119,-1.328,-2.114,-2.224,-1.81,-1.875,-3.003,-2.434,-3.509,-2.368,-0.943
Cx3cr1,-1.192,-0.866,-1.229,-1.15,-1.606,-1.227,-0.772,-0.431,-0.426,0.084,0.336,0.146,0.228,0.412,0.684,0.233,0.556,0.649,0.599,0.704,0.438,0.506,0.593,0.488,0.618,0.598,0.688,0.645,0.626,0.647,0.705,0.646,0.518,0.575,0.653,0.605,0.655,0.642,0.526,0.753,0.614,0.583,0.613,0.466,0.604,0.678,0.666,0.588,0.674,0.715,0.579,0.604,0.671,0.667,0.493,0.742,0.609,0.637,0.619,0.487,0.658,0.589,0.638,0.592,0.547,0.564,0.589,0.527,0.54,0.566,0.599,0.591,0.515,0.551,0.442,0.52,0.445,0.539,0.512,0.475,0.435,0.479,0.501,0.465,0.462,0.509,0.42,0.458,0.495,0.56,0.49,0.491,0.403,0.445,0.263,0.285,0.094,0.197,-0.434,-0.53,-1.154,-0.961,-0.806,-1.399,-1.276,-1.138,-1.403,-1.42,-1.552,-1.655,-2.221,-1.599,-2.201,-2.688,-1.82,-2.885,-2.995,-3.609,-2.907,-1.963
Apoe,-1.215,0.219,0.819,1.161,1.352,1.662,1.03,-0.291,-0.208,-0.405,-0.272,-0.289,-0.833,-1.022,-0.359,-0.833,-1.099,-0.644,-0.883,-0.502,-0.926,-0.962,-0.287,-0.117,-0.139,0.025,-0.66,-0.606,0.056,-0.396,0.102,-0.428,-0.223,0.26,-0.233,-0.716,0.242,-0.559,-0.317,-0.541,-0.195,0.192,-0.17,-0.078,0.033,-0.632,-0.151,-0.341,-0.495,-0.717,-0.401,-0.938,-0.614,-0.37,-0.326,-0.296,-0.306,-1.026,-0.403,-0.645,-0.918,-0.555,-0.921,-0.566,-0.485,-0.291,-0.777,-0.982,-0.751,-0.682,-1.056,-0.7,-1.17,-0.762,-0.974,-0.939,-0.727,-0.753,-0.934,-1.004,-0.956,-1.123,-0.772,-0.72,-0.764,-0.727,-0.381,-0.566,-0.511,-0.682,0.017,-0.327,-0.623,0.127,-0.007,0.399,0.786,1.189,2.014,2.04,1.982,2.025,1.869,1.895,1.687,1.843,1.503,1.666,1.677,1.661,1.614,1.677,2.077,2.218,1.383,1.703,2.043,2.519,1.867,-0.461
Ctsb,-4.022,-3.218,-2.389,-2.079,-1.745,-3.1,-1.884,-1.74,-1.198,-0.313,-0.729,-0.765,-0.328,-0.201,0.478,0.102,-0.028,0.432,0.121,0.373,0.54,0.148,0.884,0.197,0.369,0.79,0.684,0.514,0.826,0.336,0.479,0.31,0.629,0.329,0.667,0.659,0.503,0.523,0.505,0.535,0.878,0.736,0.723,0.489,0.443,0.691,0.618,0.369,0.535,0.78,0.605,0.639,0.478,0.301,0.915,0.611,0.364,0.39,0.704,0.343,0.191,0.547,0.444,0.491,0.348,0.353,0.715,0.297,0.24,0.459,0.399,0.516,0.231,0.512,0.398,0.402,0.438,0.264,0.334,0.28,0.487,0.576,0.287,0.179,0.275,0.51,0.267,0.361,0.325,0.644,0.39,0.532,0.314,0.792,0.262,0.635,0.488,1.018,0.887,0.506,-0.063,0.293,0.167,-1.99,-1.793,-1.202,-1.974,-2.376,-1.648,-1.023,-1.638,-2.365,-1.081,-0.72,-0.13,-0.782,-0.079,1.262,1.27,-1.527
Ctsd,-3.942,-1.892,-1.934,-1.126,-0.827,-1.078,-1.161,-1.284,-0.845,0.326,0.156,-0.362,-0.265,0.139,0.565,0.374,0.033,0.768,0.346,0.298,0.39,0.516,0.619,0.152,1.034,0.606,0.515,0.521,0.949,0.181,0.665,0.48,0.736,0.428,0.447,0.614,0.665,0.586,0.455,0.415,0.756,0.374,0.793,0.537,0.547,0.791,0.751,0.255,0.483,0.604,0.434,0.547,0.577,0.104,0.497,0.502,0.549,0.478,0.501,0.365,0.223,0.578,0.528,0.468,0.32,0.481,0.426,0.497,0.179,0.361,0.553,0.428,0.337,0.254,0.403,0.529,0.393,0.154,0.342,0.31,0.507,0.378,0.297,0.463,0.245,0.66,0.387,0.354,0.385,0.56,0.381,0.506,0.203,0.797,0.566,0.891,0.513,0.536,0.616,0.59,0.157,0.437,0.056,-1.036,-0.778,-0.966,-1.274,-1.338,-1.183,-1.73,-2.725,-2.795,-2.242,-2.382,-1.096,-2.021,-1.688,0.192,-0.168,-4.725
Cd63,-7.022,-2.978,-2.512,-1.819,-0.692,-0.98,-0.764,-1.22,-0.352,-0.959,-0.527,-0.641,-0.902,-0.163,0.224,-0.456,-0.693,-0.386,-0.069,0.182,-0.468,0.307,0.203,0.007,0.327,0.715,0.153,0.15,0.703,0.145,0.448,0.592,-0.173,0.562,0.68,0.278,0.819,0.307,0.371,0.062,0.453,0.182,-0.056,0.445,0.528,0.49,0.562,0.379,0.163,0.555,-0.191,0.381,-0.121,0.349,0.122,0.36,0.247,-0.048,0.522,0.196,0.143,0.376,0.28,0.203,0.136,0.796,0.211,0.443,0.279,0.417,0.158,0.072,0.137,-0.176,-0.007,0.139,-0.244,0.458,0.011,0.081,0.021,0.161,0.002,-0.262,-0.352,0.391,0.195,0.23,0.541,0.247,0.003,0.3,0.27,0.752,0.61,0.454,1.097,1.136,1.263,1.071,0.642,0.686,0.834,-1.328,-0.518,-0.705,-1.794,-1.394,-1.838,-0.556,-0.593,-0.928,0.227,0.81,0.398,0.243,0.856,2.805,2.184,-1.054
Lyz2,-5.589,-2.287,-2.719,-1.607,-1.185,-1.757,-0.733,-0.891,-1.648,-0.428,-0.143,0.149,-0.562,-0.478,-0.045,-0.54,-0.965,-0.002,0.123,0.181,-0.087,0.117,0.405,0.148,0.469,0.717,0.622,0.722,0.881,-0.174,0.6,0.463,0.409,0.851,0.735,0.633,1.23,0.319,0.405,1.027,0.554,0.453,0.349,0.327,0.006,0.441,0.929,0.566,0.037,0.38,0.094,0.091,-0.726,0.542,0.22,0.697,0.345,0.456,-0.016,0.461,0.268,0.151,-0.251,0.027,-0.22,0.446,0.437,0.112,-0.001,0.272,-0.122,-0.167,-0.362,0.009,-0.649,0.193,-0.427,-0.212,-0.213,-0.764,-0.839,-0.121,-0.244,0.097,-0.138,0.063,-0.33,-0.016,-0.188,-0.243,0.087,-0.044,-0.337,-0.013,-0.163,0.333,0.327,0.893,0.752,0.966,0.357,0.685,-0.215,-1.39,-0.748,-1.097,-0.968,-1.0,-0.855,-1.001,-0.264,-0.723,0.986,1.666,1.051,1.604,2.882,3.428,2.421,-1.761
Trem2,-2.886,-1.786,-1.692,-1.37,-1.593,-2.274,-1.055,-1.079,-0.545,-0.074,0.405,-0.161,0.25,0.219,0.476,0.38,0.421,0.797,0.582,0.78,0.657,0.642,0.839,0.613,0.695,0.802,0.642,0.553,0.794,0.556,0.645,0.591,0.717,0.691,0.888,0.838,0.914,0.744,0.488,0.768,0.808,0.647,0.789,0.611,0.792,0.731,0.618,0.571,0.714,0.77,0.616,0.689,0.572,0.585,0.671,0.648,0.666,0.63,0.687,0.318,0.572,0.657,0.62,0.506,0.586,0.612,0.565,0.548,0.476,0.529,0.607,0.446,0.519,0.516,0.496,0.526,0.381,0.449,0.571,0.439,0.396,0.404,0.401,0.264,0.348,0.461,0.297,0.388,0.41,0.508,0.396,0.393,0.505,0.392,0.297,0.343,0.041,0.244,-0.214,-0.177,-1.109,-1.007,-1.108,-1.66,-1.626,-1.741,-2.084,-1.985,-1.757,-1.846,-2.902,-2.989,-1.708,-1.898,-1.23,-2.069,-1.948,-0.793,-0.737,-1.53
Spp1,0.487,0.14,0.086,0.29,1.196,1.014,-0.278,0.065,0.511,-0.141,0.238,0.534,-0.441,-1.533,-0.559,-0.591,-0.327,-0.7,-0.588,-0.314,-0.65,-1.125,0.205,-0.743,-0.49,-1.185,-1.096,-1.113,-0.62,-0.783,-0.741,-0.874,0.118,-0.89,-1.326,-0.876,-0.31,-0.596,0.048,-0.922,-0.109,-1.08,-0.689,-0.619,-0.264,-0.398,-0.71,-1.24,-0.976,-0.295,-0.945,-0.679,-0.932,-0.248,-0.442,-0.78,-0.552,-1.055,-1.533,-0.646,-0.481,0.225,-0.191,-0.559,-0.023,-0.265,-0.173,-0.391,-0.49,-1.329,-0.401,-0.628,-0.424,-0.125,-0.252,-0.326,-0.032,-0.968,-0.598,-0.075,-0.533,0.06,-0.482,-1.246,-0.535,-0.371,0.155,-0.064,-0.557,-0.337,-0.038,-0.085,-0.537,-0.328,-0.072,0.364,1.044,0.322,1.387,1.306,1.766,0.924,1.64,1.617,1.424,1.594,1.973,1.995,1.682,1.987,1.677,1.717,2.033,1.963,2.212,2.232,2.321,2.566,2.789,1.013
Cst7,-2.892,-4.177,-0.96,-1.118,-0.118,0.698,-0.668,0.037,0.25,-0.536,-0.604,-1.726,-1.967,-1.012,-0.74,-1.225,-0.861,-0.253,-0.631,-1.18,-1.09,-0.096,-0.127,-0.464,-0.571,0.146,0.108,-0.672,-0.986,0.092,-0.206,-0.814,-0.636,0.545,-0.523,-0.476,0.117,-0.619,-0.074,-0.692,-0.558,-0.375,-0.486,-0.125,0.328,-0.616,-0.788,-0.748,-0.154,-0.165,-0.49,-1.038,-1.045,-0.803,0.178,0.249,-0.157,-0.303,0.474,-0.071,-0.084,-0.351,-0.014,-0.334,0.64,0.446,-0.019,-0.153,-0.423,0.296,-0.224,0.246,-0.533,0.53,-0.13,-0.802,0.272,-0.581,-0.528,-0.224,0.391,-0.382,-0.018,-0.402,-0.903,0.327,-0.606,0.091,0.549,0.293,0.24,0.171,0.029,0.47,0.765,0.788,0.716,1.524,1.827,2.026,1.691,1.613,1.353,-0.006,1.072,1.132,0.791,1.005,1.13,1.421,1.553,0.729,1.168,1.477,0.813,1.507,2.056,3.191,3.138,0.656
Cd74,-2.83,-1.98,-1.092,-1.158,0.022,0.032,0.868,0.372,-0.822,-0.461,-0.63,-0.526,-0.368,-1.45,-0.523,-0.788,-0.866,-0.939,-0.965,-0.851,-0.939,-0.83,-0.935,-0.584,-0.701,-0.336,-0.638,-1.566,-0.602,-1.047,-0.791,-0.776,-0.542,-0.672,-0.087,-0.541,-0.608,-1.235,-0.791,-0.941,-0.532,-0.127,-0.84,-1.3,-0.685,-0.5,-0.288,-0.301,-0.766,-0.655,-0.272,-0.188,-0.688,-0.504,-0.308,-0.089,-0.501,-0.317,-0.218,-0.365,-0.435,-0.038,-0.156,-0.564,-0.303,-0.422,0.182,0.141,0.151,-0.475,-0.129,-0.143,-0.254,0.22,0.155,0.257,0.187,-0.219,-0.141,0.283,-0.215,0.13,0.111,0.435,0.612,0.073,0.456,0.482,0.128,0.497,0.523,0.65,0.552,0.678,0.276,0.682,0.811,0.436,0.68,0.603,0.829,0.653,0.042,0.369,0.722,0.618,1.328,1.148,1.192,1.082,2.074,2.456,3.061,3.019,1.879,2.867,2.905,2.013,2.345,2.064
H2-Aa,-1.391,0.137,0.474,0.602,0.822,0.944,1.28,1.138,0.813,0.486,0.009,0.355,0.959,-0.075,0.205,0.444,-0.208,-0.479,0.047,-0.179,-0.234,-0.48,-1.085,-0.627,-0.185,-0.335,-0.39,-1.048,-0.602,-0.577,-0.469,-0.303,-0.511,-0.036,-0.583,-0.125,-0.264,-1.045,-1.055,-0.396,-0.126,0.393,-0.608,-0.796,-0.65,-0.283,0.149,-0.263,-0.841,-0.731,-0.33,-0.777,-0.565,-0.718,-0.641,-0.683,-0.384,-1.101,-0.476,-1.116,-1.065,-0.444,-1.113,-1.391,-0.897,0.107,-0.888,-0.799,-0.398,-0.873,-0.858,-0.471,-1.391,-0.152,-0.781,-0.947,-0.635,-1.391,-0.849,-0.972,-0.661,-0.486,-0.544,-0.758,-0.574,-1.116,0.078,-0.121,0.162,-0.261,-0.262,-0.618,-0.281,-0.543,-0.699,-0.139,0.286,-0.043,0.022,0.473,1.154,0.897,0.855,0.996,1.577,1.491,1.615,1.741,1.831,1.681,2.227,2.481,2.752,2.568,2.009,2.496,2.495,1.896,1.998,2.045
Ifit3,-1.595,0.04,-0.634,0.022,-0.09,-0.837,-1.691,-0.563,-1.36,-1.663,-0.649,-1.314,-1.704,-2.065,-0.862,-0.328,-1.162,-0.57,-0.24,-0.847,-0.629,-0.489,-0.456,-0.022,-0.729,-1.293,-0.178,-0.998,-0.318,-0.743,-0.848,-0.233,-0.994,-0.57,-1.171,-0.37,-0.745,-0.736,-0.249,-0.376,-0.557,-1.072,-0.189,-0.31,-0.564,-0.073,-0.005,-0.658,-0.027,-0.533,-0.742,0.127,-0.196,-0.746,-0.313,-1.069,-0.137,-1.042,-0.074,-0.813,-0.26,-0.346,-0.155,-0.127,0.075,-0.394,0.276,-0.428,-0.005,0.079,-0.706,-0.133,-0.548,0.248,-0.523,0.016,0.227,-0.164,-0.15,0.281,0.159,0.298,0.267,-0.374,0.001,0.061,-0.272,0.285,0.151,0.363,0.018,0.345,-0.086,0.049,-0.23,0.886,0.602,1.392,1.442,1.311,0.653,1.305,1.239,1.018,1.093,1.485,1.513,1.494,1.714,1.864,1.49,1.414,2.109,2.482,2.929,2.246,2.25,2.518,2.877,1.624
Isg15,-2.802,-2.408,-1.557,-1.19,-0.177,-1.464,-1.473,-0.986,-1.051,-2.159,-0.318,-1.085,-1.238,-1.153,-0.589,-0.829,-1.468,-1.442,-0.26,-0.798,-0.549,-0.809,-0.64,-0.039,0.094,-0.778,-0.344,-0.292,-0.31,-1.412,-0.316,-0.183,-0.185,-0.617,0.129,-0.441,0.19,-0.427,-0.035,-0.264,-0.472,0.075,-0.394,-1.202,-0.479,-0.037,-0.296,-0.518,-0.517,0.035,-0.215,0.182,0.219,-0.252,0.457,-0.577,-1.1,-0.837,-0.553,-0.104,-0.483,0.054,0.075,-0.15,-0.084,-0.571,0.048,-0.347,0.145,0.078,-0.565,0.058,-0.159,0.384,0.191,0.234,0.168,0.009,-0.081,-0.276,0.097,-0.024,0.262,0.253,0.21,-0.039,0.06,0.588,0.195,0.482,-0.312,0.493,0.215,-0.07,0.363,0.818,0.437,1.052,0.994,1.047,0.98,0.784,0.634,0.683,1.115,0.853,0.85,1.528,1.43,1.505,1.542,1.311,1.744,2.281,2.862,2.124,2.341,2.43,3.271,2.147
Ccl5,-2.06,-0.344,0.352,-0.196,0.452,1.089,0.441,0.947,-0.196,0.039,-0.844,-0.207,-0.621,0.014,-0.193,-0.687,-0.315,-0.874,-0.022,-0.693,-1.676,-0.391,-0.194,-0.62,-0.311,-0.368,-1.012,-0.867,0.032,-0.562,-1.166,-0.002,0.193,-0.864,-0.435,-0.4,-0.75,-1.034,0.043,-1.113,0.293,-0.299,-0.224,-0.717,-0.673,-1.372,-0.479,-0.911,-0.083,-0.058,-0.121,-0.476,-0.338,-0.674,-0.423,-0.241,-0.294,-0.489,0.31,-0.606,-0.562,-0.253,-0.1,-0.036,-0.58,-0.263,-0.266,-0.592,0.481,-0.446,-0.231,-0.508,0.028,-0.493,-0.266,0.42,0.016,-0.914,-0.721,-0.456,-0.484,-0.004,-0.649,0.379,-0.495,-0.687,-0.861,-0.641,-0.556,-0.652,-0.181,-0.258,0.421,-0.811,0.233,-0.339,-0.182,-0.485,0.407,0.089,0.935,0.141,0.48,-0.009,0.601,0.77,1.05,1.261,0.978,1.078,1.889,2.418,2.62,2.701,2.848,2.98,3.148,2.889,3.297,2.714
Lgals3,-1.31,-0.22,-1.31,0.411,0.244,0.694,0.906,0.232,-0.708,-0.433,-0.628,-0.25,-0.49,-0.427,-0.488,-0.398,-0.51,-0.711,-0.911,-1.108,-0.458,-1.31,-0.094,-1.31,-0.413,-0.936,-0.85,-0.578,-0.25,-0.537,-0.352,-1.31,-0.98,-0.456,-0.224,-0.852,-0.591,-1.31,-0.547,-0.721,-0.886,-0.176,-0.122,-0.758,-0.63,-0.83,0.238,-0.281,-0.9,-0.777,-0.65,-0.399,-0.536,-0.901,-0.555,-0.868,-0.667,-0.796,-0.307,-0.064,-0.187,-0.132,-0.165,-0.201,-0.109,0.208,-0.49,-0.415,-0.503,-0.572,-0.557,-0.51,-0.271,-0.378,-0.696,-0.009,-0.443,-0.426,-0.225,-0.954,-0.912,-0.74,-0.309,-0.53,-0.499,-0.463,-0.272,-0.336,-0.344,-0.292,-0.191,0.128,0.082,0.046,0.557,1.014,0.939,0.905,1.42,1.338,1.579,1.745,1.678,1.121,1.574,1.434,1.207,1.732,1.589,1.99,2.166,1.874,2.206,2.203,2.211,2.363,2.309,2.692,2.907,1.27
Fth1,-4.482,-1.946,-1.111,-0.279,-0.547,-1.343,-0.465,-1.27,-0.747,-0.579,-0.4,-0.524,-0.279,-0.466,0.471,0.149,-0.504,0.282,0.296,0.335,0.025,0.273,0.456,0.329,0.454,0.652,0.447,0.507,0.728,0.398,0.55,0.584,0.471,0.634,0.755,0.622,0.632,0.484,0.71,0.383,0.595,0.405,0.459,0.544,0.492,0.577,0.312,0.214,0.373,0.632,0.499,0.402,0.514,0.427,0.311,0.592,0.442,0.408,0.495,0.326,0.186,0.664,0.373,0.416,0.395,0.688,0.292,0.344,0.349,0.352,0.474,0.284,0.303,0.325,0.188,0.33,0.302,0.299,0.206,0.145,0.447,0.176,0.072,0.021,0.148,0.175,-0.142,0.249,-0.167,0.342,0.287,0.187,0.278,0.184,-0.468,0.063,-0.079,0.02,-0.4,-0.659,-1.366,-1.199,-1.932,-3.209,-2.246,-2.636,-2.909,-2.562,-2.425,-1.585,-0.889,-1.271,0.411,1.254,0.999,1.393,1.52,2.406,2.462,0.431
Mki67,-0.542,-0.708,-0.504,-0.43,-1.225,-0.168,-1.506,-1.806,-2.548,-0.195,-0.928,-1.213,-1.15,0.06,-2.013,-0.793,-0.45,-0.875,-0.82,-0.633,-0.964,-1.491,-0.522,-0.522,-1.377,0.164,-0.862,-1.175,-0.568,0.072,-1.422,-1.035,-0.398,0.124,-1.233,-0.449,-0.126,-2.024,-0.638,-0.422,-0.325,-0.569,0.564,-0.12,0.318,0.195,0.363,-0.329,-0.616,-0.689,0.639,-0.38,-0.288,0.064,0.418,-0.525,0.567,0.08,-0.308,-0.732,0.514,-0.611,0.719,0.313,0.349,0.738,-0.24,-0.562,0.336,0.047,0.205,-0.552,-0.524,-0.359,1.288,0.275,0.813,0.384,0.499,0.776,1.069,0.617,0.274,0.449,1.309,0.534,-0.094,0.013,0.375,0.903,1.342,0.293,0.555,0.776,0.53,0.106,0.396,0.412,-0.073,0.104,-0.298,0.077,-0.196,-0.245,0.362,0.101,0.458,0.465,1.084,0.669,0.369,0.455,1.453,1.452,1.48,1.23,1.695,1.393,2.741,5.939
Ifi207,-2.047,-0.242,-1.079,-0.806,-0.251,-0.179,-0.503,-1.1,-1.006,-1.159,-0.383,-1.63,-0.936,-0.849,-1.233,-1.56,-1.49,-1.624,-0.273,-0.991,-0.914,-1.226,-0.465,-0.457,-1.095,-1.141,-1.052,-0.636,-0.73,-0.461,-1.334,-0.583,-0.77,-0.227,-0.437,-0.416,-0.341,-0.79,-0.061,-0.673,-0.832,-0.034,-0.111,-0.518,-0.028,-0.268,-0.312,-0.681,-0.469,-0.206,-0.159,-0.676,-0.578,-0.082,-0.206,0.164,-0.859,-0.798,-0.408,-0.09,-0.275,-0.151,-0.409,-0.029,-0.072,-0.261,-0.31,-0.638,-0.218,-0.129,-0.677,-0.209,-0.527,-0.283,-0.24,0.239,0.329,0.167,-0.314,0.045,0.458,-0.02,0.103,-0.094,0.14,0.135,0.126,0.408,-0.047,-0.036,0.06,0.134,0.323,0.283,0.451,0.878,0.395,1.096,1.45,1.583,1.59,1.753,1.508,1.182,1.388,1.37,1.399,1.478,1.626,2.015,1.815,1.635,2.013,2.294,2.553,2.313,2.064,2.222,2.701,1.519
Lilrb4a,-1.894,-0.368,-0.942,-1.305,0.08,0.981,-0.532,-0.191,-0.109,-0.336,-0.333,-0.602,-1.421,-0.54,-0.482,-1.003,-1.256,-0.691,-1.434,-0.924,-0.967,-1.369,-1.053,-0.607,-0.651,-0.101,-0.794,-1.197,-0.228,-0.281,-0.197,-2.666,-1.285,-1.14,-0.833,-0.069,-0.809,-0.999,-0.348,-0.397,-0.417,-0.831,-0.387,-0.674,0.052,0.631,-0.778,-0.622,-0.061,-0.428,-0.827,-0.648,-0.534,-0.394,-0.816,-0.051,-0.007,-1.14,-0.318,0.238,-0.479,-0.217,-0.751,-0.218,0.018,0.105,-0.314,-0.169,0.112,0.007,-0.828,-0.268,-0.259,-0.08,-0.426,-0.019,-0.658,-0.481,-0.034,-0.592,-0.103,-0.147,-0.208,0.189,-0.037,0.069,-0.014,0.209,-0.168,0.048,0.087,0.28,0.35,0.676,0.496,0.748,1.032,1.616,1.641,2.252,1.968,2.035,1.861,1.65,1.031,1.718,1.624,2.09,1.734,2.244,2.033,1.282,1.43,1.668,1.368,1.72,1.389,1.935,2.448,0.615
Cybb,-0.959,-1.936,-0.713,-2.178,-0.921,-0.435,-0.044,-0.272,-0.426,-1.199,-1.123,-0.854,-1.705,-0.713,0.226,-1.339,-0.967,-0.953,-1.402,-0.562,-0.583,-0.969,-0.956,-1.2,-2.053,-0.682,-0.588,-2.003,-0.759,-0.286,-0.878,-0.822,-0.501,-0.936,-0.53,-0.749,-0.723,-0.541,-0.353,-0.745,-0.357,-0.419,-0.073,-0.547,-0.058,-0.235,-0.6,-1.144,-0.397,-0.294,-0.274,0.082,-0.222,-0.317,0.145,-1.077,0.124,-0.544,-0.045,0.066,-0.023,0.151,-0.409,0.542,0.142,0.171,-0.584,-0.062,-0.092,0.22,-0.015,0.092,-0.451,0.414,0.031,-0.265,0.581,0.026,-0.306,0.167,0.293,0.191,0.113,0.078,-0.392,0.257,0.096,0.241,0.222,0.173,0.531,0.006,0.037,0.546,0.328,0.62,0.135,1.17,1.611,1.414,1.503,1.458,1.032,0.659,1.55,0.862,1.341,1.434,1.14,0.868,1.446,1.568,2.185,2.118,1.676,2.199,2.55,2.536,2.962,2.431
Ifi211,-1.585,-1.585,-0.705,0.409,0.512,0.022,-0.339,-0.381,-0.514,-1.585,-0.406,-1.585,-0.546,-1.585,-1.137,-0.602,-1.585,-0.281,-0.404,-0.943,-1.585,-1.585,-0.603,0.048,-0.533,-0.461,-0.788,-0.1,-1.343,-0.195,-0.766,-0.502,-0.395,-0.636,-0.837,-0.603,-0.128,0.31,-0.233,-1.135,-0.457,0.041,-0.987,-0.645,-0.786,-0.291,-0.189,-0.547,-0.779,-0.627,-0.46,-1.128,-0.34,-0.573,-0.124,-0.467,-1.161,-0.085,-0.19,-0.4,-0.546,-0.747,-0.621,-0.407,-0.615,0.384,-0.415,0.291,0.171,-0.183,-0.583,0.096,-0.174,-0.139,-0.414,0.164,0.045,0.042,-0.202,0.243,0.183,0.288,-1.004,0.297,-0.074,0.171,-0.252,0.114,0.118,0.036,0.23,0.08,0.158,0.781,-0.092,0.467,0.673,0.164,0.812,0.993,1.095,1.322,1.447,1.231,1.059,1.249,1.683,1.639,1.487,1.923,1.718,1.3,2.114,2.408,2.778,2.426,2.317,2.423,3.037,1.901
Ifi213,-1.162,-0.691,-0.931,0.007,-0.044,-0.371,-0.505,-0.065,-0.258,-0.864,-0.657,-1.152,-0.492,-1.226,0.109,-0.806,-1.493,-0.873,-0.885,-0.731,-1.736,-0.556,-1.007,-1.131,-1.016,-0.428,-1.635,-1.476,-0.513,-0.557,-0.373,-0.676,-1.2,-0.864,-0.861,-1.249,-0.449,-0.537,-0.301,-0.45,-0.446,-1.034,0.108,-0.265,-0.211,-0.905,-0.223,-0.255,-0.013,-0.154,-0.195,0.303,-1.082,-0.817,-0.417,-0.174,-0.039,-0.671,-0.582,-0.664,-0.529,0.553,-0.262,0.483,-0.085,-1.033,-0.342,-0.453,-0.249,-0.275,0.288,-0.004,-0.858,0.437,-1.042,-0.62,0.11,-0.049,-0.355,0.344,0.064,-0.295,-0.257,-0.724,0.007,-0.238,0.391,0.387,0.079,0.495,-0.047,-0.155,-0.053,0.069,0.344,0.646,0.53,0.924,1.364,1.005,1.702,1.54,1.708,1.423,1.572,1.535,1.634,1.761,1.76,1.923,1.279,1.639,2.147,2.56,2.6,1.727,2.032,2.327,2.803,1.574
Iqgap1,-1.814,-1.814,-0.718,0.055,-0.12,0.341,0.177,-1.025,0.002,-0.704,-1.937,0.026,-0.885,-0.339,-0.608,-1.196,-0.605,-0.766,-0.73,-0.567,-0.606,-1.475,-0.914,-1.052,-0.614,-0.053,-0.803,-0.541,-0.014,-0.86,-0.808,-0.822,-0.381,-1.252,-0.82,0.054,-0.032,-0.468,-0.387,-0.933,-0.217,0.162,-0.947,0.037,-0.717,-0.432,-0.459,0.136,-0.764,-0.11,-0.104,-0.832,0.053,-0.534,-0.055,-0.848,-0.386,-0.31,-0.262,0.173,-0.503,-0.435,-0.252,-0.218,-0.535,-0.213,-0.21,-0.509,-1.276,-0.1,-0.066,-0.613,-0.549,0.186,0.164,-0.212,-0.398,-0.254,-0.027,-0.428,-0.091,0.335,0.288,0.318,-0.064,-0.118,-0.323,-0.496,-0.229,-0.136,0.322,-0.321,0.439,0.428,0.149,0.344,0.65,0.514,0.685,0.596,0.487,0.971,1.008,1.209,0.353,0.867,1.188,0.738,1.541,1.347,1.857,1.772,2.271,2.67,2.47,2.923,2.697,2.821,3.069,3.32
Fabp5,-0.61,-1.107,0.25,-0.468,0.66,0.22,0.223,0.334,-1.045,-0.343,-0.83,0.516,-0.424,-0.803,-1.035,-1.018,-1.108,-0.379,-0.503,-1.528,-0.528,0.077,-0.317,-0.436,-0.181,-0.326,0.256,-0.695,-0.705,-0.492,-0.796,-0.401,-0.655,-0.119,-0.473,-0.078,-0.329,-0.399,-0.315,-0.67,-0.543,-0.406,-0.13,-0.689,-0.296,-0.606,0.068,-0.182,-0.595,-0.095,-0.644,-0.669,-0.878,-0.156,-0.563,-0.179,-0.716,-0.505,-0.601,-0.454,-0.589,-0.927,-0.773,-0.394,-0.405,-0.203,-0.406,-0.291,-0.983,-0.665,-0.949,-0.865,-0.543,-1.345,-0.188,-0.658,-0.369,-0.429,-0.645,-0.211,-0.74,-0.364,-0.038,-0.351,-0.537,-0.89,-0.523,-0.803,-0.672,0.329,-0.038,-0.543,0.239,-0.332,-0.17,0.397,0.655,0.443,1.407,1.144,1.339,1.382,1.603,1.218,1.081,1.334,1.058,1.411,1.78,1.813,1.878,1.924,2.142,2.482,2.655,2.739,2.758,2.974,2.764,2.31
Insyn2b,-1.37,-2.686,-1.61,-0.756,-2.278,-1.87,-2.341,-1.363,-2.915,-1.506,-1.333,-0.865,-1.493,-0.92,-1.07,-1.191,-0.985,-1.082,-0.96,-0.93,-0.35,-1.133,-0.494,-0.763,-0.319,-0.237,-0.568,-0.352,-0.446,-0.085,-0.066,-0.134,-0.378,-0.117,-0.093,-0.507,-0.178,-0.477,-0.062,-0.16,0.031,0.052,-0.209,0.271,-0.009,-0.113,-0.148,0.035,0.342,0.282,0.238,-0.064,0.225,0.185,0.19,0.155,0.313,-0.145,0.279,0.233,-0.092,-0.018,-0.215,0.034,0.179,0.146,0.126,0.115,0.355,0.521,0.516,0.28,0.298,0.39,0.261,0.392,0.595,0.524,0.087,0.514,0.658,0.443,0.715,0.355,0.786,0.532,0.768,0.645,0.78,0.531,0.996,0.883,0.811,0.657,0.724,0.727,0.794,0.464,0.923,0.994,1.224,1.512,1.996,1.947,2.104,2.227,2.036,1.908,2.191,2.027,0.99,1.448,0.254,-0.664,-1.345,-1.409,-0.689,-2.141,-1.018,0.509
Usp18,-1.396,-2.713,-1.94,0.124,-2.09,-0.805,-0.7,-2.009,-1.836,-0.994,-1.665,-0.501,-0.503,-1.535,-1.439,-0.03,-1.474,-0.402,0.052,-0.049,-0.253,-0.663,-0.372,-0.383,-0.478,-0.45,-0.775,-0.664,-0.317,-1.095,-0.829,-0.893,-0.016,0.287,-0.195,-0.555,-1.519,-0.326,0.344,-0.127,-0.22,-0.247,-0.383,-0.277,-0.634,0.221,-0.97,0.324,-0.05,-0.444,-1.122,-0.491,-0.35,-0.547,0.062,-0.309,0.162,-0.072,-0.179,-0.004,-0.243,-0.319,0.134,0.126,0.41,-0.44,-0.106,0.392,0.228,0.118,-0.212,-0.12,-0.324,-0.207,-0.258,-0.319,0.14,0.169,-1.117,0.025,0.05,-0.153,0.148,-0.014,-0.301,-0.306,-0.145,0.25,0.177,0.077,-0.528,-0.235,0.399,0.435,0.534,0.394,0.815,1.135,1.447,1.283,1.201,1.366,1.297,1.047,1.136,1.055,1.545,1.357,1.45,1.558,1.108,1.026,1.972,2.352,2.695,2.029,2.218,2.154,2.898,1.71
