pseudotime,Retina-Sham,Retina-MB,OpticNerve-Sham,OpticNerve-MB
0.0,0.28468,1.44747,0.20349,0.40457
0.00334,0.39429,1.8143,0.30759,0.52724
0.00669,0.51172,2.22446,0.43211,0.66158
0.01003,0.62711,2.67456,0.57038,0.8062
0.01338,0.73439,3.16269,0.71898,0.96685
0.01672,0.8381,3.68993,0.88607,1.1627
0.02007,0.96207,4.26109,1.10179,1.43318
0.02341,1.16042,4.88418,1.43039,1.84334
0.02676,1.53179,5.56819,1.98422,2.48483
0.0301,2.23473,6.31931,2.93662,3.4684
0.03344,3.4951,7.1361,4.52191,4.90476
0.03679,5.58533,8.00487,6.99969,6.87274
0.04013,8.75116,8.89652,10.56049,9.37968
0.04348,13.07714,9.76628,15.17532,12.32489
0.04682,18.3261,10.55709,20.44562,15.48206
0.05017,23.8406,11.20658,25.55928,18.5151
0.05351,28.61044,11.65639,29.44768,21.03259
0.05686,31.54781,11.86206,31.13747,22.67147
0.0602,31.88376,11.80102,30.14833,23.1856
0.06355,29.49238,11.47689,26.71646,22.5095
0.06689,24.95718,10.91902,21.70366,20.77398
0.07023,19.33494,10.17731,16.24006,18.26827
0.07358,13.74923,9.31391,11.30584,15.36333
0.07692,9.02886,8.39357,7.46389,12.4239
0.08027,5.54629,7.47495,4.8291,9.7375
0.08361,3.27046,6.60441,3.21115,7.47767
0.08696,1.93891,5.81309,2.30339,5.70383
0.0903,1.23248,5.11717,1.8202,4.38732
0.09365,0.8843,4.52038,1.55552,3.44834
0.09699,0.71572,4.0177,1.38488,2.79043
0.10033,0.626,3.59912,1.24452,2.32451
0.10368,0.56638,3.25275,1.10935,1.98102
0.10702,0.51653,2.96688,0.9765,1.7124
0.11037,0.46953,2.73101,0.85336,1.48987
0.11371,0.4241,2.53618,0.74877,1.29792
0.11706,0.38107,2.37481,0.66727,1.12899
0.1204,0.34184,2.24041,0.6069,0.97933
0.12375,0.30751,2.12734,0.56059,0.84662
0.12709,0.27837,2.03062,0.51949,0.72881
0.13043,0.25382,1.94595,0.47642,0.62395
0.13378,0.23271,1.86973,0.42791,0.53051
0.13712,0.21398,1.7991,0.37448,0.44767
0.14047,0.19711,1.73197,0.31938,0.37538
0.14381,0.18238,1.66707,0.26681,0.31417
0.14716,0.17065,1.6038,0.22032,0.26471
0.1505,0.16301,1.54224,0.18191,0.22733
0.15385,0.1603,1.48294,0.15204,0.20159
0.15719,0.16272,1.42677,0.13014,0.1862
0.16054,0.16958,1.37473,0.11528,0.17907
0.16388,0.17945,1.32776,0.10656,0.17764
0.16722,0.1905,1.28657,0.10324,0.17931
0.17057,0.20104,1.25146,0.10449,0.18177
0.17391,0.20994,1.22231,0.10899,0.18327
0.17726,0.21674,1.1985,0.1147,0.18271
0.1806,0.22138,1.179,0.1191,0.17956
0.18395,0.22385,1.16245,0.11989,0.17377
0.18729,0.22392,1.14731,0.11587,0.16561
0.19064,0.22116,1.13198,0.10744,0.15559
0.19398,0.21517,1.115,0.0964,0.14437
0.19732,0.20597,1.09515,0.08518,0.13273
0.20067,0.19409,1.07158,0.07588,0.12152
0.20401,0.18052,1.04386,0.06958,0.11161
0.20736,0.16637,1.01202,0.06614,0.10383
0.2107,0.15254,0.97647,0.06449,0.09892
0.21405,0.13959,0.93797,0.06334,0.0974
0.21739,0.12781,0.89747,0.0619,0.09949
0.22074,0.11741,0.85607,0.06009,0.105
0.22408,0.1086,0.81485,0.05832,0.11321
0.22742,0.10145,0.77489,0.057,0.12299
0.23077,0.09567,0.73721,0.05632,0.13291
0.23411,0.09058,0.70273,0.0564,0.14157
0.23746,0.08531,0.67229,0.05768,0.14795
0.2408,0.07927,0.6466,0.06125,0.15164
0.24415,0.07245,0.62622,0.06848,0.15301
0.24749,0.0655,0.61144,0.08027,0.15306
0.25084,0.05951,0.60225,0.09615,0.15313
0.25418,0.05566,0.59827,0.11388,0.15455
0.25753,0.0547,0.59873,0.12994,0.15824
0.26087,0.05674,0.6025,0.14077,0.1645
0.26421,0.06105,0.60815,0.14405,0.17297
0.26756,0.06636,0.61407,0.13963,0.18287
0.2709,0.07127,0.61862,0.12955,0.19329
0.27425,0.07478,0.62032,0.11725,0.20349
0.27759,0.07657,0.61793,0.10629,0.21311
0.28094,0.0769,0.61064,0.09906,0.22205
0.28428,0.07623,0.59814,0.09618,0.2303
0.28763,0.07483,0.58058,0.09649,0.23765
0.29097,0.07264,0.55857,0.09768,0.24348
0.29431,0.06949,0.53305,0.09725,0.24683
0.29766,0.06546,0.50513,0.09337,0.24655
0.301,0.06108,0.47598,0.08556,0.24173
0.30435,0.05717,0.44664,0.07473,0.23194
0.30769,0.05453,0.41797,0.06276,0.21742
0.31104,0.05348,0.39055,0.05178,0.19907
0.31438,0.05381,0.36472,0.04344,0.17828
0.31773,0.05491,0.34056,0.03845,0.15663
0.32107,0.05612,0.31796,0.03638,0.13563
0.32441,0.05688,0.29672,0.03587,0.11651
0.32776,0.05687,0.27657,0.03529,0.10008
0.3311,0.05589,0.25725,0.03338,0.0867
0.33445,0.05389,0.23854,0.02986,0.07633
0.33779,0.05098,0.22031,0.02526,0.06857
0.34114,0.04745,0.20249,0.02046,0.0628
0.34448,0.04371,0.18513,0.01612,0.05826
0.34783,0.04022,0.16832,0.01245,0.05424
0.35117,0.03737,0.15218,0.00936,0.05014
0.35452,0.03542,0.13687,0.00672,0.04561
0.35786,0.03444,0.12249,0.00451,0.04057
0.3612,0.03426,0.1091,0.00277,0.03519
0.36455,0.03449,0.09675,0.00154,0.02978
0.36789,0.03463,0.08543,0.00077,0.02467
0.37124,0.03423,0.07511,0.00035,0.02014
0.37458,0.03306,0.06575,0.00014,0.01633
0.37793,0.03109,0.05733,5e-05,0.01322
0.38127,0.02846,0.04983,2e-05,0.01071
0.38462,0.02534,0.04324,1e-05,0.00866
0.38796,0.02188,0.03755,1e-05,0.00693
0.3913,0.01832,0.0327,3e-05,0.00543
0.39465,0.01492,0.02866,8e-05,0.00412
0.39799,0.01198,0.02536,0.00022,0.003
0.40134,0.0097,0.02269,0.00051,0.00209
0.40468,0.00813,0.02059,0.00107,0.00138
0.40803,0.00717,0.01895,0.002,0.00086
0.41137,0.00662,0.01768,0.0033,0.00051
0.41472,0.00629,0.01672,0.00486,0.00029
0.41806,0.006,0.01598,0.00636,0.00017
0.4214,0.00561,0.01539,0.00738,0.00012
0.42475,0.00506,0.01488,0.00762,0.00014
0.42809,0.00431,0.01437,0.00699,0.00025
0.43144,0.00342,0.01381,0.00569,0.00048
0.43478,0.00252,0.01315,0.00412,0.00088
0.43813,0.00172,0.01234,0.00265,0.00156
0.44147,0.00112,0.0114,0.00152,0.0026
0.44482,0.00079,0.01032,0.00077,0.0041
0.44816,0.00075,0.00914,0.00035,0.00609
0.4515,0.00099,0.00791,0.00014,0.00854
0.45485,0.00148,0.00671,5e-05,0.01133
0.45819,0.00216,0.00558,3e-05,0.01422
0.46154,0.00291,0.0046,6e-05,0.01688
0.46488,0.00356,0.00381,0.00016,0.01899
0.46823,0.00396,0.00324,0.00039,0.02023
0.47157,0.00406,0.00293,0.00086,0.02042
0.47492,0.00392,0.00286,0.00166,0.01955
0.47826,0.00374,0.00303,0.00285,0.01773
0.48161,0.00377,0.00341,0.00435,0.01525
0.48495,0.00421,0.00397,0.00591,0.01242
0.48829,0.00514,0.00465,0.00713,0.00958
0.49164,0.00647,0.0054,0.00764,0.007
0.49498,0.00798,0.00615,0.00728,0.00484
0.49833,0.00944,0.00687,0.00616,0.00316
0.50167,0.01064,0.00749,0.00463,0.00195
0.50502,0.01145,0.008,0.00309,0.00114
0.50836,0.01176,0.00839,0.00184,0.00063
0.51171,0.01153,0.00866,0.00097,0.00033
0.51505,0.0107,0.00885,0.00045,0.00017
0.51839,0.00933,0.009,0.00019,9e-05
0.52174,0.00756,0.00915,7e-05,7e-05
0.52508,0.00565,0.00935,4e-05,0.0001
0.52843,0.00388,0.00962,6e-05,0.00018
0.53177,0.00245,0.00998,0.00015,0.00035
0.53512,0.00147,0.0104,0.00039,0.00067
0.53846,0.00096,0.01087,0.00088,0.00119
0.54181,0.0009,0.01134,0.00182,0.002
0.54515,0.00129,0.01179,0.00335,0.00319
0.5485,0.00217,0.01219,0.00554,0.00482
0.55184,0.00356,0.01255,0.00823,0.00688
0.55518,0.00539,0.01287,0.01099,0.00933
0.55853,0.00744,0.0132,0.01323,0.01204
0.56187,0.00935,0.01358,0.01438,0.01478
0.56522,0.01071,0.01406,0.01414,0.01734
0.56856,0.01117,0.01468,0.0127,0.01945
0.57191,0.01062,0.01544,0.01067,0.02092
0.57525,0.00924,0.01635,0.00888,0.02162
0.5786,0.0074,0.01737,0.00807,0.02152
0.58194,0.00557,0.01849,0.00863,0.02066
0.58528,0.00415,0.01967,0.0104,0.01917
0.58863,0.00335,0.02088,0.01271,0.01721
0.59197,0.0032,0.02213,0.01462,0.01498
0.59532,0.00354,0.02345,0.01528,0.01266
0.59866,0.00419,0.02489,0.01431,0.01044
0.60201,0.00495,0.02653,0.01197,0.00849
0.60535,0.0057,0.02844,0.00894,0.00693
0.6087,0.00645,0.03069,0.00601,0.00585
0.61204,0.00724,0.03332,0.00376,0.00525
0.61538,0.00809,0.03632,0.00247,0.00507
0.61873,0.00899,0.03964,0.00215,0.00519
0.62207,0.00987,0.04316,0.00269,0.00544
0.62542,0.01074,0.04675,0.00387,0.00567
0.62876,0.01165,0.05028,0.00535,0.00571
0.63211,0.0127,0.05365,0.00673,0.00549
0.63545,0.01389,0.0568,0.00754,0.005
0.6388,0.01506,0.05976,0.00752,0.0043
0.64214,0.0159,0.06262,0.00667,0.00351
0.64548,0.01609,0.06554,0.00526,0.00273
0.64883,0.01546,0.06865,0.00368,0.00208
0.65217,0.01413,0.07206,0.0023,0.00163
0.65552,0.01241,0.0758,0.00131,0.00145
0.65886,0.01068,0.07977,0.00075,0.00153
0.66221,0.00924,0.08374,0.0006,0.00189
0.66555,0.0082,0.08737,0.00083,0.00247
0.6689,0.0075,0.09026,0.00149,0.00321
0.67224,0.00698,0.092,0.00257,0.004
0.67559,0.00648,0.09226,0.00401,0.00473
0.67893,0.00585,0.09081,0.00558,0.00526
0.68227,0.00505,0.08758,0.00691,0.00551
0.68562,0.0041,0.08268,0.0076,0.00542
0.68896,0.00309,0.07636,0.00743,0.005
0.69231,0.00217,0.06901,0.00645,0.00434
0.69565,0.00144,0.06107,0.00498,0.00353
0.699,0.00098,0.05298,0.00341,0.0027
0.70234,0.00085,0.04519,0.00208,0.00194
0.70569,0.00109,0.03803,0.00112,0.00132
0.70903,0.00175,0.03178,0.00054,0.00084
0.71237,0.00287,0.0266,0.00023,0.00053
0.71572,0.00442,0.02255,9e-05,0.00035
0.71906,0.00628,0.0196,3e-05,0.0003
0.72241,0.00819,0.01766,1e-05,0.00036
0.72575,0.00979,0.01658,0.0,0.00055
0.7291,0.01073,0.01621,0.0,0.00088
0.73244,0.01078,0.01635,0.0,0.00136
0.73579,0.00991,0.01681,0.0,0.00201
0.73913,0.00834,0.01743,0.0,0.00277
0.74247,0.00645,0.01804,0.0,0.00361
0.74582,0.00467,0.01853,0.0,0.0044
0.74916,0.00331,0.0188,0.0,0.00505
0.75251,0.00254,0.01879,0.0,0.00545
0.75585,0.00236,0.01848,0.0,0.00552
0.7592,0.00265,0.01791,0.0,0.00528
0.76254,0.00317,0.01712,1e-05,0.00478
0.76589,0.00366,0.01621,2e-05,0.00417
0.76923,0.00393,0.01527,6e-05,0.0036
0.77258,0.00386,0.01439,0.00017,0.00327
0.77592,0.0035,0.01367,0.00041,0.00337
0.77926,0.00303,0.01315,0.00088,0.00407
0.78261,0.00271,0.01287,0.0017,0.00548
0.78595,0.00281,0.01282,0.00291,0.00768
0.7893,0.00351,0.01295,0.00444,0.01062
0.79264,0.00487,0.01322,0.00602,0.01415
0.79599,0.00678,0.01356,0.0073,0.01796
0.79933,0.00896,0.0139,0.00798,0.02162
0.80268,0.01104,0.01418,0.00799,0.02469
0.80602,0.01263,0.01436,0.00758,0.02678
0.80936,0.01342,0.01441,0.00717,0.0277
0.81271,0.01328,0.01434,0.00711,0.02751
0.81605,0.01229,0.01418,0.00744,0.02653
0.8194,0.01072,0.01397,0.0079,0.0253
0.82274,0.00897,0.01379,0.00805,0.02436
0.82609,0.00749,0.0137,0.0076,0.02418
0.82943,0.00667,0.01374,0.00651,0.02497
0.83278,0.00669,0.01396,0.00508,0.02667
0.83612,0.0075,0.01434,0.00374,0.02895
0.83946,0.00877,0.01485,0.00294,0.03134
0.84281,0.01007,0.01546,0.00301,0.03339
0.84615,0.01092,0.01607,0.00418,0.03481
0.8495,0.01104,0.01662,0.00652,0.03551
0.85284,0.01042,0.01705,0.00989,0.03568
0.85619,0.00941,0.0173,0.01388,0.03566
0.85953,0.00862,0.01736,0.01783,0.0358
0.86288,0.00879,0.01724,0.021,0.03633
0.86622,0.01059,0.01696,0.0229,0.0373
0.86957,0.01444,0.01657,0.02346,0.03853
0.87291,0.02033,0.01613,0.02313,0.03971
0.87625,0.02772,0.01569,0.02268,0.04048
0.8796,0.03561,0.01533,0.02282,0.04056
0.88294,0.04277,0.01508,0.02389,0.03985
0.88629,0.04811,0.01495,0.02584,0.03837
0.88963,0.05102,0.01494,0.02827,0.0363
0.89298,0.05156,0.015,0.03073,0.03393
0.89632,0.05034,0.01505,0.03281,0.03159
0.89967,0.04819,0.01502,0.03418,0.02962
0.90301,0.04571,0.01483,0.03451,0.02831
0.90635,0.04307,0.01441,0.0335,0.02785
0.9097,0.04005,0.01375,0.03095,0.02828
0.91304,0.0364,0.01287,0.02701,0.02946
0.91639,0.0321,0.01183,0.02217,0.03109
0.91973,0.02759,0.01074,0.01722,0.03276
0.92308,0.02355,0.00971,0.01298,0.03401
0.92642,0.02066,0.00886,0.01002,0.03444
0.92977,0.01926,0.00827,0.00849,0.03383
0.93311,0.0192,0.00799,0.00808,0.03211
0.93645,0.01995,0.00803,0.0082,0.02946
0.9398,0.02079,0.00836,0.00823,0.02619
0.94314,0.02109,0.0089,0.00782,0.02273
0.94649,0.02048,0.00956,0.00702,0.01946
0.94983,0.01893,0.01021,0.00619,0.01669
0.95318,0.01672,0.01077,0.00574,0.01457
0.95652,0.01426,0.01114,0.00592,0.0131
0.95987,0.01195,0.01126,0.00661,0.01215
0.96321,0.01003,0.01111,0.0074,0.01149
0.96656,0.0086,0.01069,0.0078,0.01093
0.9699,0.00758,0.01002,0.00749,0.01028
0.97324,0.00686,0.00915,0.00645,0.00944
0.97659,0.00628,0.00813,0.00496,0.00837
0.97993,0.00578,0.00704,0.00339,0.00714
0.98328,0.00533,0.00594,0.00206,0.00581
0.98662,0.00499,0.00487,0.00111,0.00451
0.98997,0.00479,0.00388,0.00053,0.00332
0.99331,0.0047,0.003,0.00023,0.00232
0.99666,0.00461,0.00226,9e-05,0.00153
1.0,0.00439,0.00164,3e-05,0.00095
